,train_score_1,test_score_1,train_score_2,test_score_2,train_score_3,test_score_3,train_score_4,test_score_4,train_score_5,test_score_5,train_score_6,test_score_6,train_score_7,test_score_7,train_score_8,test_score_8,train_score_9,test_score_9,train_score_10,test_score_10,train_score_11,test_score_11,train_score_12,test_score_12,train_score_13,test_score_13,train_score_14,test_score_14,train_score_15,test_score_15,train_score_16,test_score_16,train_score_17,test_score_17,train_score_18,test_score_18,train_score_19,test_score_19,train_score_20,test_score_20,train_score_21,test_score_21,train_score_22,test_score_22,train_score_23,test_score_23,train_score_24,test_score_24,train_score_25,test_score_25,train_score_26,test_score_26,train_score_27,test_score_27,train_score_28,test_score_28,train_score_29,test_score_29,train_score_30,test_score_30,train_score_31,test_score_31,train_score_32,test_score_32,train_score_33,test_score_33,train_score_34,test_score_34,train_score_35,test_score_35,train_score_36,test_score_36,train_score_37,test_score_37,train_score_38,test_score_38,train_score_39,test_score_39,train_score_40,test_score_40,train_score_41,test_score_41,train_score_42,test_score_42,train_score_43,test_score_43,train_score_44,test_score_44,train_score_45,test_score_45,train_score_46,test_score_46,train_score_47,test_score_47,train_score_48,test_score_48,train_score_49,test_score_49,train_score_50,test_score_50
0,63.5905791071718,64.83679369646256,63.677925244832984,64.82588027375351,63.79524300708609,64.11183706774398,63.87153469080621,63.99809695619338,63.8033643106295,64.75411195512977,64.1119839186389,64.07112925234549,64.08800519079143,64.03433311902195,64.15970460499418,63.869777112244996,64.14344897186741,64.07548259188388,64.19821309957656,64.3115946123194,64.06066641876025,64.77153571582451,64.00349012693282,65.05101489753918,63.950447048643966,64.91454369237374,64.26916417405133,65.09103870884977,64.19643175383047,65.25524036351278,64.15988212202463,65.30503758925585,64.48868622080785,65.4362366501052,64.4677406187163,65.68507599521756,64.81279830902066,65.81496384153436,64.90504867969875,65.89276775445833,65.00757439710628,65.69006133441262,65.222489094518,65.97339830442078,65.49952445087948,65.8752781695862,65.5441609800483,65.62953146054083,65.53217385849436,66.11634020519935,65.59663027416775,66.06796543697848,65.4416716778146,66.35112040380191,65.37300861097172,66.49445738132827,65.37624762061223,66.75153905327939,65.22080134841605,66.76676464623348,65.13299589740161,66.89033866042661,65.19987275102764,66.2870110978927,65.29959288126359,66.2562354105237,65.45537217244515,66.10824118418137,65.50865440144577,66.5041199252697,65.38057200982958,66.14140908229412,65.77833252211401,65.6910207035839,65.64326450652884,65.3245230463424,65.78936392274645,65.62816676361537,65.67477138891132,65.15314564988859,65.90098071083847,65.34789708871482,66.01711036618951,64.83526605981024,66.00236990021409,64.81995463051291,66.06069431047072,64.71502350359908,66.26232811458952,64.56866968728421,66.33920797741402,65.1444125518022,66.2267279177227,65.20499935466964,66.10734643986832,66.1752732858986,65.89481343583763,66.05191566901962,65.91381039061423,66.41736433914568
1,64.40307720197292,64.60385576159017,64.33157712058458,64.4915370516433,64.68220286718102,64.12176250762857,64.64771064830644,63.85402817721774,64.48153649819947,63.74337986251491,64.77311587560088,63.695741462273,65.02130092578233,63.62182019310446,65.03816791969429,63.723112269513884,65.24835920915821,63.15726139510669,65.06400034749404,62.90031840010386,65.21253360154982,62.47863364806303,64.88905141115893,62.583943882824514,65.08458446953735,62.76502321279662,64.95382950965423,62.78794924181347,64.76068974621595,63.14127951877192,64.92073765076036,63.09189199310485,64.65895118217959,63.58231250561846,64.5540499255603,63.97246250091186,64.52691807718728,64.00743738623247,64.7678319159845,64.26205972368078,64.70696810582967,63.9061940049152,64.71052857125859,64.35368486632622,64.684036331491,64.50864777463853,64.8782186373592,63.94326706491692,65.04471161075209,64.29940479865496,65.23035827528537,64.12602267636692,65.33900537730091,63.678225101505326,65.41827648072021,63.58160370693226,65.74215843187781,63.0872947778154,65.45336017349338,63.243472857791204,65.63725120727602,63.065822922695055,65.54766981563291,62.895358556726144,65.70667649886626,63.02718069384513,65.57960683992228,63.54064628379886,65.46424786123421,63.413356819167404,65.40573240749501,63.8677522549928,65.52137051774514,63.81215990311271,65.50999392003402,64.45661858244038,65.59055517518475,64.28616130713988,65.64571469120051,63.895849830348695,65.5874458434745,63.916234723859255,65.54363240598089,63.848996423683914,65.78621681337353,64.07961664205204,65.75085184582939,64.1403323954694,65.75627916958739,64.14856901553792,65.65740415673307,64.86659409806394,65.8750834172606,64.62622705505318,65.97954033993267,64.21760472805762,65.78330042654419,64.58889317599366,65.86115832559824,64.65803984116462
2,65.23738944307236,62.78731885076673,65.16702570394206,63.3960375974043,65.06254517064166,63.84050672895871,64.64947917762412,64.7339084476934,64.53075681753465,64.95706542347338,64.23546592508619,65.82864755929127,64.20677306017231,65.56050409265326,63.9998201012858,66.19677861197167,63.98416585385907,66.44366075976792,64.0681308823633,66.5030286455462,64.09489052968812,66.66466860371412,64.07751715377704,66.54174137148983,64.15595453564649,66.67803579302654,64.26215680427826,66.67064835768885,64.16669353035252,67.07380425383465,64.40867403291563,66.46185566163366,64.46976457809482,66.74722971692543,64.47049739825174,66.1563812751725,64.30794802811329,66.40721461259743,64.55454686589545,66.33412912558981,64.66098383369723,66.20087774898495,64.31802755762187,67.08092763087616,64.35161117611828,66.85144854750118,64.51211771193,66.67028628964856,64.53854411446292,67.1416845571594,64.5803499673883,66.73037777790947,64.6013735196449,66.85657822808722,65.12410943084069,66.14684899990067,65.12407480170731,65.68572466239969,65.16678069957172,65.72104021103395,65.44551404264085,64.97994541935681,65.4164067829571,65.08597340576763,65.74313358200686,64.59155248902279,65.90631436154914,64.90626947604223,65.83066352720343,64.58267957196153,65.7483759837552,64.66210362023368,65.82779666496319,64.70235116297519,65.71500086372471,65.38262684820468,65.56200867501927,65.36083097728545,65.64425670015193,65.70335659121706,65.45581499604494,65.46821887300705,65.35619533359382,65.80775303221566,65.06760495097481,66.06419986611711,64.79884643061921,66.20326271533148,64.70788269890195,66.91636339244349,64.5498693173437,66.81521378566492,64.26695631142779,67.34395725032111,64.31201122096276,67.39473634843092,64.3235382854996,67.48798496914546,64.47778564266963,67.2137009904179
3,64.87931726761639,63.469760682734965,65.05768712538082,62.74791750281394,64.9549327808742,62.9491332850045,65.05287066293087,63.07922371866018,64.94074680280993,62.93997655071709,65.12049155887365,63.57141340938433,64.89451515535619,63.42303703318801,64.69241846220001,63.96352744644157,64.6444991704217,63.916121060277064,64.70685531338823,64.46679154229564,64.68412870398772,64.65174285753571,64.78005313695338,65.12797050573774,64.95316586644678,65.43873963455235,64.86682608054716,65.89846312998803,65.01517508313279,65.66451406873544,64.84407372345603,65.97049624189114,64.92334830940646,66.03624396446934,64.90823141917109,66.13150546287638,64.85410532070861,66.43241919751496,65.02713347448126,66.13546716285516,65.01197987619939,66.23643159568238,65.02569328547135,66.39343251612775,65.12988042860677,66.16176570776797,65.03105932262041,66.19150532656914,65.14679541946155,66.27062275871778,65.10673701705574,66.56601678721479,64.93344330988204,67.1154654957753,64.99738466135692,67.19117500500667,64.8260624590021,67.16487364562113,64.82406977644641,67.4329299597463,64.79739838526214,67.53013675833698,64.56758073579282,67.68558794048417,64.52011786240966,67.62054547652147,64.47570601489387,67.68976641041493,64.73511607595043,67.59216432810882,64.67980162601161,67.42566631233079,64.80488674688743,66.83886105083512,64.92154083585682,66.65213052528797,64.81854056767767,66.32518787142708,64.89882323157711,66.05357211302584,65.1893454423886,65.28967301068279,65.34608731632409,65.25696970117235,65.41853679166083,65.34690848761475,65.21666277753523,65.9011994536494,65.38201575488837,65.53514457394263,65.21362632658061,66.00868576161753,65.26318653268535,66.03540077878128,65.27003010403838,66.42471270983364,65.33675777077441,65.93051658833753,65.46786195967053,66.15392209556906
4,65.30861791513121,63.857101656977854,65.48228856889213,63.594476375916166,65.29938621498292,63.713957578219166,65.27134054006477,63.8384360756746,65.10088341572985,64.05182635623093,65.08730341817893,63.95290832160674,65.15983065280007,64.05183606806894,64.85383474430353,64.01714091512027,64.83908928976888,64.3454016355984,65.0358417999565,63.83644195720942,64.72936627578851,64.58573311616065,64.9956617131745,64.10945394635785,64.68752259552338,64.6829344415083,64.7980872822013,64.95943801178464,64.7498179908471,64.54187450903774,64.56277292706591,64.8462657806089,64.66121626918344,64.88344674530356,64.5824898802087,65.0125484951722,64.60711728754096,65.16149429704112,64.6634584898194,65.16373144618295,64.76815190082978,65.22201989066417,64.55446743722463,65.56360171353083,64.9144366973834,65.26942146947705,64.72380419541578,65.46486702704094,64.78726698496038,65.31339243403596,64.96774932201753,64.97115045093958,64.85620455436032,64.99929641959025,64.87579427650242,64.95720453855809,64.96398371419727,64.82446801564434,64.89157748726352,64.39815172429505,64.85976328271933,64.17610750453554,65.15224819480697,63.80832194441937,65.25056210218837,63.05934656008336,65.17943622519022,63.15318214829373,65.1037071255662,63.395491967367875,65.12371671311809,63.741886595463804,65.3659536648588,63.3667786177151,65.55118145614449,63.294842256441605,65.57600557208765,63.84357213556555,65.59460115210501,64.039635212807,65.66327821846993,64.2072853410954,65.68599032419439,64.39656527662595,65.68773511983619,64.77264088089076,65.55779761240152,64.79428031677264,65.37916046436831,65.35407228700619,65.47099653700485,65.17808042846113,65.4470706283002,65.33162936297714,65.20996656195194,65.74493887755702,65.302167413978,65.41090626753973,65.11567340718072,65.79856974869199
5,64.76791677678187,65.27671077383725,64.57823900624298,65.61667529917385,64.45696244707263,65.87603626284225,64.34339110434665,65.74054452209309,64.08001663845474,66.33391717793312,64.01862334889074,66.91665308514015,63.79588886650652,66.73632986492979,63.813241782901535,66.96162990908502,63.74972554586968,66.95214970084892,63.59014032348347,67.02426400742124,63.73452389048153,66.572670826016,63.915455545986546,66.30875258505135,64.01885388534674,66.17615459043768,64.33900104585076,65.76080680115606,64.56246105974866,65.16849378123987,64.76831570345361,64.8943439372903,64.99720075369179,64.64052122007237,65.29481534879324,64.09469828370452,65.31132488700683,64.334551444301,65.43993192314797,64.0582124032351,65.4531922472127,63.998922583487655,65.70711780867221,64.04799189326631,65.6613897244652,64.08806124464235,66.09528226996161,63.81702996342907,66.17514928831008,63.819877066480494,66.21049818892844,63.897069027509545,66.0844016729849,63.53015074592028,66.27785317049697,63.44517299627659,66.29871174302023,63.73755496201068,66.39700171235486,63.57294726996726,66.28563503056405,63.88354313946748,66.2979904544186,64.07084760797662,66.36205334579157,63.94802299140282,66.42008233914612,64.19883258147625,65.89767592068092,64.90105205176812,65.98983061315879,65.00983333660129,65.61182873393412,64.89035296607373,65.61678983957482,65.13610663110737,65.31113749034967,65.07758712425317,65.36859965970527,65.03120822215838,65.39259721601294,64.68765057034543,65.36006405899363,64.84445592633297,65.05873351460687,65.01190074039475,65.25762581687593,64.74278969323572,65.03309805127955,65.26266142179318,65.08578174028554,65.03968866208747,64.87895882619584,65.02384681615504,64.8095464565619,65.02850316570125,64.83391851061896,65.52663269172879,65.04405516602715,65.4307238878429
6,64.23681749229976,65.76319918758837,64.58243307075624,65.1726921954826,64.39768902725685,65.27899774738752,64.75539578329312,64.48338524503282,64.59899232365463,64.43510563976031,64.86738761847487,64.05296291918849,64.79558022386607,64.03014004874244,64.96623644338307,64.0396033563684,65.06266313464516,63.777118509870185,65.17058409083272,63.1873964357724,65.27001961150071,63.458784084170595,65.457273528424,62.91936413797632,65.5537367452995,62.98299367227668,65.65110629993282,62.97128335480644,65.59226991463925,63.22999179604501,65.58123390768239,63.26639916041566,65.61567781617654,63.67130388768071,65.71280818074368,63.66564352699526,65.59334807854447,63.707175180041396,65.64526860175836,63.662395216567326,65.36728166839167,64.59968785612672,65.48134523832039,64.51765517883749,65.38893835399698,64.59601065787155,65.32686419936789,65.30237057885383,65.32408547034034,65.57431196554151,65.29293425910143,65.63423401866204,65.26690679662251,65.88152984763475,65.39934506016029,65.61463955584331,65.1558227591779,66.17567535125855,65.40240210197724,65.60399343132003,65.31174675918464,66.013997055216,65.30245822426944,65.74641246610459,65.10713160389764,65.85612320331752,65.16843856477429,65.88215924095499,65.19698948539029,65.91733232049945,65.30311439157218,65.69362795092337,65.15987220785165,65.98523008867198,65.52875015944282,65.39652983558845,65.56147557648639,65.25531970117436,65.82775975811953,64.2747466822217,65.95800259879907,63.88268819596974,66.01576025475227,63.632878747951565,66.33755194781209,62.95589388572022,66.46723725400635,62.16589866374767,66.69884656294388,62.00164699161791,66.65304426902888,61.729795864358096,66.62191257955591,61.81969863148824,66.74170453661799,61.904255167321786,66.71308118862491,61.61564058114004,66.74531652482509,61.882235369082956
7,64.17573152624799,66.88304935813979,64.52869711070109,66.58579498659425,64.24298763117842,67.25711195717614,64.25646993965681,66.92136222230933,64.30388008380146,67.16966928486434,64.35798313694558,67.06147781063699,64.41511207459064,66.93081940666035,64.29420954185265,66.79305574916987,64.55029352392602,66.72499800117994,64.5708911959331,66.61980162483408,64.44827131222914,66.9442888654863,64.8054792579222,66.19543334317268,64.7094150290286,66.96722436783938,64.82484991618118,66.34806578137838,64.81665377471242,66.94436376318086,64.8359783815752,66.50695567252276,65.09967855090572,66.37304074755721,65.09112889771392,66.37088542334878,65.33914912084447,66.0978988724198,65.07228815030946,66.09474796870217,65.34518018021775,66.0004044909793,65.42915453947177,66.00908043007732,65.19715604518706,66.15604319259153,65.52736330123969,65.65893876898072,65.51253938427317,65.22022859579782,65.588964719302,65.1359625785359,65.6756495204948,65.17187168183722,65.56398250087874,65.17630926099632,65.81253898953968,64.77604099184681,66.0656232450058,64.51005053732925,65.93779130071029,64.62174113841199,66.09953880214756,64.42312540017011,66.09748661321873,64.28280623012238,66.11451737170981,63.56690453420819,66.01618879497978,63.56289960723755,66.11208873968134,63.19681611257088,65.90818461385201,63.572120303581684,66.09897583803853,62.81263023037511,65.94845629391685,63.208846948884585,66.13218309316653,63.037531928943615,66.06139544166496,62.520381901036316,65.98598927143512,62.7433518346263,65.84923172458107,62.726161019420765,65.81902744848539,63.0643233489742,65.88699419093975,62.62182401621988,65.68778093527868,63.384529663915146,65.54943528554946,63.30021563875152,65.55767259224953,64.04295656602808,65.43395482944,64.18693754941837,65.36784292761114,64.15582916440829
8,64.89798597876795,65.75289466478577,64.78366482624149,65.48514332804521,64.55527061676543,65.97509225584375,64.47479320100123,65.79105419075114,64.23696477156079,66.73657218466826,64.38777624200443,65.82579579970961,64.2208239263968,66.07655452163051,64.13848560688119,66.55517122118862,64.21805351056722,66.09075770392407,64.26115324420176,66.1883189418917,64.47625880776532,65.89613899044501,64.58157623086574,66.08885646454026,64.6440789834013,66.20549311531485,64.63220402973658,66.46390012406242,64.74643384649153,66.17952384860747,64.7036640422054,66.17751236646495,64.81818377824315,66.60168357231079,64.55915856016523,66.91124977049732,64.64018789031333,66.77503283191604,64.4437668869267,67.13506385945443,64.52550879483317,67.29489130338705,64.71939212733552,67.1844375301922,64.47235808569563,67.54608000600426,64.715122211858,67.5175241433333,64.3173538106036,67.62806666795798,64.6149542549732,67.22692668941146,64.66145303157973,67.7213166232983,64.59318485255135,67.63490208011103,64.66226933633061,67.25624120734777,64.75791258541341,67.34357988875905,64.61718117094269,67.25970899418218,64.59434723161233,67.15023179620418,64.63922297189225,67.18189322579155,64.55421104677028,67.28805167220402,64.6030081587712,66.67545387906715,64.92520910491955,66.28181604652463,64.7186341323407,66.42740913261258,64.9416029470078,65.88938468601063,64.61349005116591,66.2576297496271,64.88908643560482,65.72960521756934,64.62427063676319,66.03365492653184,64.69321596754266,65.71271512569778,64.73008635249911,65.68485713297437,64.54555732315487,66.05817579862727,64.51578342707617,65.80536022485578,64.70431856574028,65.58668266801185,64.9085656493361,65.42086250333617,64.75445373486424,65.53969884817263,64.93236773339602,65.27929794492574,65.12557055968861,64.74433554602601
9,64.64491626633423,64.93516828947647,64.49016516602425,65.51737575372358,64.3574431924315,65.56057177345302,64.3079520399195,65.92760314513713,64.19057454048946,65.13567677438537,64.20281815874533,65.57963814466932,64.47900946120158,65.56487414929263,64.22683503192019,65.04093799669678,64.31560354456434,65.6624657334058,64.46137576367234,65.36323433256696,64.49278661894776,65.49784975242908,64.43667573047397,65.47480378207372,64.70274023105284,65.27774336800823,64.83660805471837,65.39345224341551,64.93331168497124,65.5296515565679,64.65361563622686,65.98666837379538,64.64917826177292,65.87241988250035,64.66995422031607,66.24934502776286,64.83525570053243,66.12402695165618,64.76997048420665,66.03647103589788,64.91298608610906,65.9945926322004,64.8127180124479,66.59304027810619,64.98236130023328,66.4340566301736,64.84721451673511,66.54472458253744,65.21820433253386,66.33504550000444,64.93869227133477,66.52724220077876,65.10922101303193,66.34848183338778,65.28294680464577,65.97536631022952,65.32406670578284,65.77823870333661,65.51674416344206,65.54034478544608,65.41403752928069,65.46082140161406,65.29466777512023,65.12722906304731,65.49031111886596,64.85362664591105,65.32074033794137,64.88156288000819,65.39246453225441,64.62491651320892,65.35633389982593,64.84736069202253,65.3220902617813,64.74146034881485,65.29974707166971,65.3850555618344,65.40594676858119,65.21517546126073,65.12220006511542,65.64531639952023,65.31332958970371,65.44721003326849,65.23212055585837,65.7311815191168,65.26771617464135,65.69523150212629,65.12410834720527,65.59970227898103,65.09132813752038,65.47495806533504,65.07831252277751,65.71908702408108,64.97948091267462,66.02995040349914,64.9053598118801,66.35806351105568,65.05131626465496,66.09557084940344,64.90394562232619,66.63620153346628
10,64.6074946915895,64.5004823570976,64.80451064760457,64.79993123682564,64.8333149871115,64.72008249470183,64.92507393545164,65.1027155286518,64.92621766793866,65.36823143401827,64.76577996927506,65.47496404250035,64.71048852006027,65.58581541969512,64.7972539967535,65.27278945613277,64.79178429112763,65.416039550782,64.75424521233374,65.27734681006295,64.90990720953324,64.79197315017936,64.8562634056239,64.71055208587035,65.09394888258016,64.31050485578828,64.81797215010775,64.36449256583307,64.89173522550847,64.21209693933952,64.60190768756655,64.00452838349393,64.78622288023608,64.03455579806354,64.84400300691532,63.59667063940587,64.75151998594345,63.944482090137114,64.88946060662323,64.12910033968247,65.03714054249063,63.94527128441984,65.119595399866,64.0871219153734,65.05383571716467,63.67911850113999,65.3732998867102,63.94753341683254,65.49587945167885,63.644205835710856,65.55595721424083,63.68314952781542,65.73217351127207,63.55167974125186,65.84140832155383,63.2715926892787,65.7984224892348,63.28327318349746,65.44515013366954,63.625195773247015,65.54137881270131,63.56354549211368,65.62052708823677,63.41088036761565,65.57156395672341,63.51279708542114,65.46711282775765,63.35877387152051,65.45672265750325,63.30395477048767,65.28499353045109,63.272925244130995,65.37472256843358,63.32108907538707,65.18974786164478,63.77793071302233,65.41612929908979,63.61382331499051,65.52918295599386,64.1201860814443,65.20858993070979,65.15970809590505,65.31100006647182,64.93194139069537,65.31510981955101,65.02507824847443,65.25144113345723,65.37486709119436,65.32864624811513,65.54949362442615,65.31790038056732,65.57529481344537,65.46393875104373,66.11121992204407,65.55125466833248,65.98507948301649,65.50010425761933,66.25328791059441,65.61167334402703,65.85138954489273
11,63.973551017438204,66.5390350342962,64.08874585069826,66.26766487716323,64.0579951532728,66.33778389124276,63.77962829147434,66.26487389250379,63.926873011182614,66.54796515517651,63.90803581269592,66.26597265782237,63.90958372018711,66.6471973546176,64.00316114829297,66.15964863105123,64.1296474475467,65.87775615437687,64.26202637821221,65.6643223324294,64.13196240825128,65.86530259406132,64.40552299848171,65.19105721069067,64.41432661625676,65.44672044138201,64.43110101881113,64.9120714154288,64.6541447957406,64.99170030070094,64.75558842466172,64.95522455190137,64.40894605093389,65.61084814650891,64.9376359258644,64.97260698930069,64.79014830838587,65.23669248133592,64.88212906825215,65.01483885529336,64.64373879594869,65.61272676322479,64.98025482641852,64.79591093565583,64.96618307577342,65.42308960460768,64.98409163008606,65.66410490406207,64.8530620319726,65.56502323280935,64.80897284224666,66.01531640380509,64.94189549795176,66.0909990795673,65.07086305152006,65.90223758466699,65.08263428560797,65.95827372816922,65.38921035692621,65.58154365904407,65.60411348379941,65.14580948673677,65.52986356855415,64.87552430789616,65.63316165640757,64.81521321597162,65.92963517370907,64.1671631335732,65.89122963907208,64.80984588226116,65.96604993110283,64.01003069050735,65.94305606995296,64.22589082188485,66.03814078954562,64.35313880426817,65.97381740459225,64.11418277586542,65.94096601182306,63.74096528272484,66.1882879439377,63.3925273449521,66.22002480639784,63.133191489836015,66.18724088097444,63.154197178054915,66.18959327113406,63.242613786647546,65.8556520386977,63.549192100863024,65.82044986356318,63.62504519357204,65.93313829149366,63.5227956544636,65.92108013513169,63.60688867656319,65.783076146053,63.98865924679481,65.76647712043408,63.76943136586761
12,64.64210909224833,65.51981094184131,64.4136418629743,65.83974147415188,64.58058005522085,66.34752871930813,64.62849782604535,66.50819900200263,64.51460186705134,67.08267246868611,64.31040521423584,67.94265387384105,64.40287683419483,68.03898244012807,64.41111239695309,68.02752069239365,64.5585518536036,68.30985681166655,64.55651107401715,67.96873165052695,64.7552224364977,67.63879122140509,64.88275243722791,67.60424769559144,65.14788039206834,66.75269696119994,65.01807030197116,66.40649959981765,65.01096864636271,66.75106095925827,65.11996683687876,66.25366379876544,65.31979636027347,65.63030851503751,65.3149362428832,65.41046145816672,65.28609900583868,65.44648091356838,65.432438553309,65.31136805453897,65.47343332695785,65.40231231842,65.15954618098907,65.72104775782473,65.15332679808063,65.76236006695672,65.14882350177815,65.8524699729783,65.29597394879578,65.5619024643542,65.21108994717575,65.95892778927161,65.35461330736449,65.8626063216442,65.5523091860746,65.2874513388705,65.50649107729747,65.5900020527215,65.52532869511353,65.28008125226421,65.60707296739965,64.39889801400105,65.58914818828896,65.06710964486928,65.62623549192557,64.90350034894045,65.67262329500683,64.98447927053559,65.82148695897656,64.72557005256058,65.63428418731928,65.34118291881175,65.54795461564304,65.93289960270286,65.50297383047909,65.79149374897479,65.5183169581288,65.56845286046216,65.22620055456755,66.1182650677303,65.2588831105328,65.82706437817697,65.17137505675646,65.88681055102016,65.3214282026574,65.65208193477642,65.1399541151686,65.9507350653029,65.15268585588157,65.84583259384625,65.28633496335715,65.62280038849406,65.40743230297402,65.08671503589113,65.43914175552318,65.33899783284967,65.37683216158175,64.80627733121295,65.52993678669691,64.32325762933445
13,64.91490778888088,65.4627261812391,64.7932891560502,65.6140290723441,64.98397839874988,65.31632393543292,64.68267027313412,65.86074995085264,64.41696896233887,65.9148980293033,64.47336406714632,66.33771470205134,64.60837412359382,65.81745195590828,64.43007031457262,66.42196179058249,64.65026267811479,66.39709941031103,64.43138235746567,66.70468814726979,64.7381677325157,66.44886937326554,64.53966587334719,66.33708436764803,64.91538352069603,65.67502596449677,64.9591777931276,65.82515247173872,64.80672983631328,65.80383004327206,65.14525691760747,65.3301445117934,65.01487104292772,65.08231100309338,65.04226720457514,64.74382037697708,65.01972788462587,64.84950853853432,64.90744334937575,64.90019545932638,65.0464121611807,64.47629252489935,65.08943113054168,64.40967952416871,64.95058480182637,64.71315671949425,65.0607161874778,64.54727722614213,65.00671509355632,64.58970474524163,64.96511743270771,64.96135628329479,65.05296505681062,64.72684532123681,64.95061443422473,64.64159539715773,65.06800545431865,64.74356467184047,64.98330713044693,64.4443845656946,64.9687081716857,64.37346078217644,65.13664051255017,64.36633807351016,65.10295037790125,64.48263040369413,65.13085188998645,64.64850797685206,65.16928386907101,64.06745918238354,64.89341761164087,64.28720605127822,65.07680296219563,64.0067494976976,65.02110669174579,64.12249075845084,65.23890209466985,64.2251804314307,64.8802455639843,64.33100557466983,64.9341496118321,64.28014376365743,64.91031976037539,64.4919541136013,64.81792350172682,64.48238306566134,64.65562994034129,65.43395445574839,64.76811190313515,65.31052089414506,64.71758478455271,65.68435655115015,65.04563224471487,65.09929113011107,64.84960792534115,65.1184941628623,65.00167790051871,65.55219912647489,65.33023569618143,64.72823252868004
14,65.77969316901698,63.27391881430789,65.79158592927581,63.07876545810951,66.04837583139201,62.69424847180111,66.04431592190006,62.52003534849528,66.19189893355401,62.39327537906085,65.88162528620738,62.61377402996763,65.64387456055279,62.63681106259582,65.67485113649249,62.72609670239515,65.38825139487447,62.7354318410093,65.40695552040789,62.775784428518726,65.37061003981492,62.55049895095523,65.21029050670124,62.97043893678233,65.10987221784855,62.727448260921385,65.10120617553956,63.07926178895458,65.14875889882367,63.26068175472762,64.97765400234468,63.02164294751232,65.2227339241241,63.07100877249583,65.2939364779041,63.450626592295706,65.28759783335062,63.69330237472023,65.23316614369406,63.19744813057028,65.31751492423653,62.82013084217354,65.31713343818524,62.575253536687995,65.44936111266934,63.08089601891867,65.6328570453643,62.33165378859388,65.71361812406761,62.231348739900156,65.90210647166565,61.918400453080544,65.73595653590252,62.2667528808238,65.85196120756096,62.496039908285134,65.7179981087115,62.452631844278535,66.11408607692302,62.04086190744412,65.73286167837453,62.60160612166962,65.86555655582586,62.9201898911168,65.70500536205968,63.24799663679541,65.90270081216023,63.21860717746534,65.57006518321253,63.91556087723199,65.66903199746397,63.44999014375885,65.74484290428768,63.83823810462116,65.78017829484433,63.68399321089873,65.87056955052178,63.668320461102,65.91487019046035,63.61860980932992,65.80526026352248,63.339033363576114,65.96932219742139,63.37057657546168,65.8055260024694,63.49120966110821,65.56035177018931,63.822861772887435,65.40007399224744,64.15699775384536,65.2810933590247,63.97668599396966,65.13469925664347,64.56240335606269,64.739372551579,65.19628614272507,64.83200747837067,64.84122870261902,64.6492295052922,65.19826531377863
15,65.49047475083043,64.37904715553135,65.53684740147897,64.58047677802064,65.42511576561348,64.48312035518448,65.32762130362363,64.37091724307312,65.43216035077057,64.75026496992402,65.52131844580158,64.52600951227386,65.46123987786287,64.36023067437667,65.19168828533213,64.89558435073252,65.24573648797018,65.06293255827428,65.09855906408862,65.51650903117903,65.19290418015025,65.2008524496542,65.03531842070092,65.65765521600726,64.94271383587242,65.97892596235668,64.85255427278877,65.54820397884484,64.74353246083581,65.90814294089878,64.92002258868044,65.41260534818055,64.97765853166635,65.67704622891645,64.87188944543911,65.42766125760433,65.01236383257266,65.12911691392902,65.04817265158495,65.12300160793161,65.06560186768057,65.12796633486822,65.28852093891204,64.84310666726122,65.36984995993286,64.58655915347867,65.53395901194642,64.55440312994801,65.47207810478257,64.35564309190865,65.51856832171583,64.77688743542834,65.4841961784139,64.55840551648684,65.52166919681305,64.63902545406377,65.63804238094315,64.6780120938688,65.38823592604473,65.19065321760108,65.44626909718166,64.97810210843541,65.30936873882648,65.40273021483249,65.32099396639222,65.13742524434502,65.47451311371056,65.1062605722051,65.26030856184543,64.9491538690616,65.42046525976093,65.06224207805853,65.32135008573515,65.43843058272351,65.32661251759995,65.44008497162075,65.36430421599954,65.6630108844356,65.3682421414855,65.99636166334514,65.27572383322003,65.99081827287705,65.21181338500415,65.68487035295898,65.26931226092928,65.89256505296098,65.06117689069664,65.61815405429505,64.94761811364073,65.7217286367659,64.82716395750853,65.6049840057888,64.86522120901174,65.82033683527574,64.47839433120565,65.82543655857717,64.3464728830432,66.2381294140791,64.33323433288177,65.86059037894142
16,64.91210566635587,62.75858827443224,64.92855871166887,63.24888440013422,65.02501111044842,63.29139754709621,65.00192921891666,63.20436199428616,64.96476741435973,63.56549286567861,65.17485587097683,63.660153544054744,65.38200939945514,63.542425700377635,65.30735514885836,63.72373708041051,65.31497361788546,64.05816580743453,65.1145427608186,64.3674222183984,65.02304111662482,64.40940271202818,64.77413164335258,64.8100163144165,64.76958806224394,64.8548547633377,64.69389870620715,64.9353788026668,64.74592559418176,64.52478921613748,64.4880317122013,64.8065062225475,64.46316436051367,65.05961009914458,64.61225211558596,65.01151539266205,64.41580712143487,65.13108800381718,64.5152425811336,65.51504643497124,64.66042491963782,66.08196844575008,64.50450670047404,66.18854068100333,64.50662536177444,66.73064741826923,64.46445909789044,66.66690975842855,64.65085263933975,66.71881045662742,64.67262895966654,67.028915353219,64.767755043519,66.07047159658997,64.89218359808552,66.16052012008221,64.64318948557562,66.48795910207093,64.93151120810737,65.83261236952043,64.76012437216873,65.94812915135662,64.55454473219537,66.03437163041042,64.59044713218061,66.5129339358874,64.67100901400508,66.17189524833309,64.7428601040439,66.07438994808454,64.86391955540203,65.97707174732446,64.55509023383166,66.5257862283126,64.82901742962072,66.31430432897483,64.8955253322803,66.3855240991845,65.05223830767879,66.71172768176825,65.05546701762844,66.43723402539027,65.40778815256677,66.30558383077515,65.36929665113263,66.46107802727609,65.75784675940339,66.10774780306356,65.58557922208908,66.11712115102962,65.76105882213764,65.87399544972499,65.78387295155181,65.4451339616237,65.51989452463516,65.84213823107844,65.5904608787455,65.33319702532933,65.47791747402233,65.58403111409089
17,64.03427604137804,66.32007714295403,64.02948922764644,66.94466775643784,64.16405607036494,66.42477106822763,64.19393010413818,66.48041082428917,64.38264269563035,66.0354192372012,64.33434646838957,66.11269562475145,64.75907715873386,65.21134936670708,64.78179194832518,65.43499995342732,65.14375172495012,65.13751301071791,65.09961378846903,64.87065391223508,65.47205352673804,64.58710192937924,65.29136150962348,64.12009607097268,65.5342011594445,64.11771140978523,65.65079202119854,64.23929000550002,65.58950042513719,63.936552045942385,65.62783978912522,63.944479395359586,65.50169152471169,64.18183463416796,65.67618691309998,64.03685853650477,65.58395765686552,64.03649560686021,65.34858411740215,64.43904740848183,65.43154787384077,64.93145989301165,65.39845746794566,64.74471396852168,65.60060267239389,64.6833196114612,65.73402777515498,64.48803398508552,65.78755025167408,64.0941708450107,65.7853553137692,63.987887304730634,66.01128213049891,63.34790952352705,66.08443980227182,63.11327505738641,66.12209117826981,62.80147338467003,66.29673089386016,62.289518319121946,66.23829207089459,62.655442767049344,66.35453073712198,62.312964028711306,66.44230131124547,62.42849045245292,66.2849780479772,62.01973137859219,66.19162199756259,62.86705296625527,66.03415349581729,63.324011634888336,66.07035955404037,63.48665215558345,66.05967455933377,63.77897290625905,65.79264182989594,64.58211630341124,65.95581057492656,64.30540722786547,65.80723165921704,64.46110320213067,65.67398110934126,64.54095043703623,65.96604135129914,64.1215644843934,65.87124191202027,64.41007373351673,65.9413220983406,64.49279514548023,65.99753022860703,64.83083075128752,66.0171891572408,64.27582812647417,66.05879264464787,64.67527194299893,65.87079314385218,64.71415130643018,65.92022382677845,64.96173260101527
18,65.09240088588102,65.2253932143563,65.25753112137126,64.97245637544985,64.9319374751982,65.3289994630398,65.03000967948948,64.81053891372642,64.81499673724547,64.84435464962483,64.88837589210092,64.4620369846659,64.77868783497617,64.89319996515492,64.72746164618056,65.10106880799508,64.42618608240969,65.09741128223094,64.48620664764397,64.78036600510846,64.59211527816421,64.71873207835846,64.54930494904231,64.71218337941593,64.44245495003683,65.13679258259484,64.2356616788538,65.19832875634856,64.27304514877254,65.00078778236157,64.24022253324328,65.43706497780191,64.04028727177676,65.41839437427464,64.0939790231366,65.81856552140877,64.12431031068722,65.68841056730317,64.12197000327494,65.6902037814634,64.19852113359768,66.00494696824063,64.4305137800596,65.89251515526512,64.50733007061197,65.90943034782175,64.39778923420519,66.62130584962222,64.84611915455646,65.9031210962816,64.83420987645648,66.0677278427969,64.82347975276316,65.92827073172887,64.75952814776063,66.48580884945508,64.93300785611548,66.05938637438423,65.09390858248973,65.70287667544234,64.90071179028543,66.47306579400059,65.05786222301369,65.99056050788214,64.96741528788351,65.87028000082307,65.10189081814096,65.65125353309125,65.03065175138136,65.66387363048761,65.04405235722724,65.70308673835548,65.15658103756347,65.0924744421058,65.13119171008697,65.34578109910687,65.12281270180029,65.20788279524803,65.0094059154388,64.96013430152232,65.17980097328656,65.0294811888609,65.11578826501848,64.60972888699128,64.96177523265882,64.86943323480811,64.91145739642148,65.29216851909173,64.90111632894715,64.90519946686858,65.11877570624766,64.97531291779801,64.78943266040936,65.51094250009338,65.03521837280742,65.3730744523633,65.0341932826301,65.65721912797179,65.46412387008098,64.97057608864209
19,64.55020588780496,64.15032862267303,64.62655089841546,64.18325904297058,64.33684018480375,64.54033777515681,64.07565106210986,65.43415324416931,63.95398851000769,65.50772912094575,63.81419830716516,65.62011709065406,63.80192075685925,66.36062090511585,63.75178940241699,66.64953993626256,63.76242647874995,67.02555840892155,63.42703795360894,67.12873233824497,63.825651084926555,66.50048454502739,63.70864873743394,66.83448386662094,63.68871252960609,66.92758654708283,63.61607622291301,66.81989648157771,63.865661859746496,65.90454055862892,63.715018667935034,65.99819500663014,63.68677010766884,66.11620871651397,64.0698131091174,65.73402793676985,64.23155712655748,65.77196196687126,64.19798659107781,65.58067144986126,64.36991385937979,65.33440622736978,64.68704121184012,65.45741642837255,64.972571385435,65.37704116633324,64.9625527815686,65.40972634449875,65.02409544007354,65.8641796545569,65.02337783198601,65.85977210348526,65.21130678731566,65.75385853472696,65.07074644909981,65.52885074187996,65.2923611718547,65.67097796565737,65.11855207573957,65.77195805441683,65.52232854494748,65.10763567585622,65.26645185135769,65.28437738180169,65.57810104731288,64.83747807406222,65.53730118226659,64.91320329835564,65.62815014707766,64.50376813605918,65.62488198784327,64.88721616032983,65.62922188313554,64.9349911093182,65.47467764532709,65.1733339318475,65.44274454694899,65.21800075802595,65.4728056606805,65.41646183365845,65.35142597853324,65.05813550674438,65.19724817201515,65.28187386560923,64.98892889130462,65.24831421892345,64.967759398738,65.49469491777313,64.8569502525038,65.54314946585205,64.8305773264019,65.95993784304498,64.8176237502871,65.83238997917512,64.97397745271407,65.32513379445253,64.99500776198747,65.95924852664973,65.14793958429404,65.69958581917275
20,64.71040004143217,65.35682416524268,64.69890094384529,65.23412467566854,64.63886269927191,65.10824301677575,64.55279101846138,65.628307523682,64.65728979337997,65.57101563384406,64.72063723420243,65.46882490969787,64.52287890424756,65.93944209428562,64.44069140478634,66.1802250780956,64.51683462415366,65.99334551494599,64.67123776963601,65.98666429422205,64.50417461306354,65.7492239413938,64.26850378880413,66.175049327725,64.45830185951297,65.91864817985446,64.5916562858804,65.77099553342643,64.65730855083035,65.57436086849611,64.47852286558509,66.10007029762671,64.43677099854155,66.41945675313784,64.5872149063218,66.68051681876152,64.30124726679867,66.81839857218219,64.48213388699575,66.69756663567816,64.34810218082741,66.79030176655915,64.28247381798863,66.87864929722947,64.52313371440577,66.55364851527126,64.59261470703727,66.45529561538513,64.5991014735741,66.11037426666702,64.71166364084424,65.53810570401758,65.04603306406545,65.71491665168067,64.96991510062402,65.19820114951278,64.88074113002558,65.97764703566413,65.04498236442575,65.4101428136994,65.09348315618855,65.36011482412283,65.18079227831502,65.18306755545231,65.45775012208139,64.82383587495804,65.38611379860012,64.9340973411224,65.26835542680551,64.58447415073736,65.55886090655419,64.04519222454823,65.35140915394068,64.81632230094155,65.38757690056572,64.382202881453,65.56840934144284,64.23469936261641,65.633892013536,63.96669456899115,65.40647654796385,64.2863678037529,65.75288401702093,64.04346693931868,65.51687076452119,64.598876851652,65.66831231521253,64.49962748898122,65.4110175567978,64.77429278546109,65.56198829023327,64.45483353712176,65.59991939255019,64.92143365311775,65.66296585968549,64.9875836044043,65.62035208941117,64.59424132621155,65.59867283694736,65.13247860304057
21,65.15335405995351,63.23214373670269,65.01570059660224,63.423289405523896,64.90018749952425,63.40280659761977,64.98052089653207,63.8126803538918,65.02157148168801,64.13463198825366,64.76364577548577,64.05258562602644,64.98769750587095,63.722714780770985,65.20784242696466,63.84261074583572,65.0785966674971,64.08222143894181,65.12508442584452,64.20233812350145,65.27326239761585,63.97689358769001,65.26084053119534,63.87612486259437,65.35603193221776,64.1982049110208,65.13891471736571,64.21272130606211,65.38740671443593,64.22345531088693,65.24836438672672,64.37572508093659,65.11866773329064,64.68093591799362,65.32333164906342,64.62285828596885,65.06412270561005,64.72269480496853,65.17218654115023,64.74323226997014,65.186265553237,65.08876010384462,64.91131297966142,65.03103643179367,65.00693556872278,65.3619851981705,65.02631763780755,65.54254330878625,65.0606489879288,65.57774207410033,65.03679337007277,65.68580001139048,64.77807952237295,66.03903321416988,64.95083806566888,65.86193487437333,65.25490827463769,65.89542476111376,64.8453362951974,66.63243384010704,65.00002213636554,66.55219200418988,64.8702746656992,66.79334172092794,64.95885370793344,66.79582893739979,64.92045302453329,66.56548958372551,65.08017161522835,66.44035834062232,64.97772682762366,66.94884550829418,65.04298162028276,66.58333816712323,65.00580074794722,66.36058572457073,65.00058902151812,66.4956866617829,64.82744924870437,66.69522069291749,64.79292230320411,66.13076436972824,64.9538727063946,66.41117990005006,64.8167815257739,66.2835413626962,64.96284507178608,66.27155518891135,64.99765144338245,66.11901124206513,64.85902816479184,66.69436026466853,65.09793847643304,66.51839715547148,64.94632148716346,66.59677873378324,65.14806250256663,66.3684604754011,65.23594634669996,66.22537103610988
