K140;031;041;051;111;121
2019-11-01 00:00;7;4;6;28;11
2019-11-01 00:15;2;7;5;15;7
2019-11-01 00:30;1;6;4;7;6
2019-11-01 00:45;1;3;2;14;4
2019-11-01 01:00;3;2;3;11;1
2019-11-01 01:15;1;2;1;11;3
2019-11-01 01:30;0;4;4;7;5
2019-11-01 01:45;0;0;0;13;4
2019-11-01 02:00;2;2;2;3;1
2019-11-01 02:15;5;2;1;4;0
2019-11-01 02:30;0;2;1;4;4
2019-11-01 02:45;0;1;1;3;1
2019-11-01 03:00;1;2;1;6;2
2019-11-01 03:15;0;1;1;0;0
2019-11-01 03:30;2;1;1;2;0
2019-11-01 03:45;0;3;2;5;2
2019-11-01 04:00;0;3;2;5;2
2019-11-01 04:15;0;2;1;1;0
2019-11-01 04:30;2;0;0;2;0
2019-11-01 04:45;0;1;2;1;0
2019-11-01 05:00;0;4;1;4;1
2019-11-01 05:15;0;6;6;4;1
2019-11-01 05:30;1;9;9;6;2
2019-11-01 05:45;1;9;10;6;1
2019-11-01 06:00;0;11;18;16;6
2019-11-01 06:15;0;15;23;12;4
2019-11-01 06:30;1;14;30;38;11
2019-11-01 06:45;2;24;37;53;16
2019-11-01 07:00;2;28;36;40;16
2019-11-01 07:15;6;30;59;54;29
2019-11-01 07:30;8;33;81;71;25
2019-11-01 07:45;14;53;96;74;38
2019-11-01 08:00;23;40;108;58;55
2019-11-01 08:15;21;34;104;62;48
2019-11-01 08:30;10;53;91;100;72
2019-11-01 08:45;16;44;93;89;59
2019-11-01 09:00;12;46;96;75;58
2019-11-01 09:15;8;44;71;99;64
2019-11-01 09:30;13;34;63;82;59
2019-11-01 09:45;15;37;45;91;58
2019-11-01 10:00;14;44;51;93;45
2019-11-01 10:15;11;34;45;93;51
2019-11-01 10:30;6;35;70;98;50
2019-11-01 10:45;10;34;49;83;51
2019-11-01 11:00;11;38;50;101;64
2019-11-01 11:15;4;38;50;115;55
2019-11-01 11:30;10;30;48;112;57
2019-11-01 11:45;12;43;45;108;74
2019-11-01 12:00;13;42;61;119;70
2019-11-01 12:15;15;40;44;130;77
2019-11-01 12:30;5;34;61;97;73
2019-11-01 12:45;17;37;38;126;67
2019-11-01 13:00;10;36;51;108;77
2019-11-01 13:15;17;42;55;116;72
2019-11-01 13:30;14;44;59;107;68
2019-11-01 13:45;15;39;51;106;69
2019-11-01 14:00;6;45;56;129;56
2019-11-01 14:15;15;34;58;120;47
2019-11-01 14:30;14;39;50;127;68
2019-11-01 14:45;18;52;67;117;80
2019-11-01 15:00;17;42;59;147;69
2019-11-01 15:15;17;40;45;144;101
2019-11-01 15:30;22;47;55;174;103
2019-11-01 15:45;16;32;48;157;89
2019-11-01 16:00;12;34;40;154;89
2019-11-01 16:15;15;37;52;151;85
2019-11-01 16:30;22;28;47;153;95
2019-11-01 16:45;15;48;61;187;103
2019-11-01 17:00;30;33;44;181;99
2019-11-01 17:15;37;34;45;177;100
2019-11-01 17:30;16;31;47;161;101
2019-11-01 17:45;22;27;47;169;93
2019-11-01 18:00;20;39;50;172;104
2019-11-01 18:15;22;39;35;172;104
2019-11-01 18:30;18;33;42;129;75
2019-11-01 18:45;8;33;27;158;73
2019-11-01 19:00;10;36;27;128;63
2019-11-01 19:15;19;30;15;120;57
2019-11-01 19:30;10;23;28;98;55
2019-11-01 19:45;14;26;28;104;48
2019-11-01 20:00;14;26;21;78;23
2019-11-01 20:15;6;19;15;85;41
2019-11-01 20:30;8;21;18;62;38
2019-11-01 20:45;6;24;12;65;27
2019-11-01 21:00;4;24;19;63;28
2019-11-01 21:15;5;25;16;63;17
2019-11-01 21:30;3;8;19;58;20
2019-11-01 21:45;6;23;15;43;16
2019-11-01 22:00;7;18;13;52;18
2019-11-01 22:15;5;27;16;58;16
2019-11-01 22:30;6;22;18;79;26
2019-11-01 22:45;9;15;16;66;27
2019-11-01 23:00;6;22;17;70;21
2019-11-01 23:15;8;15;15;56;24
2019-11-01 23:30;5;13;6;54;22
2019-11-01 23:45;7;19;9;48;11
2019-11-02 00:00;5;21;10;42;13
2019-11-02 00:15;4;16;9;34;10
2019-11-02 00:30;6;6;4;35;12
2019-11-02 00:45;7;9;6;27;18
2019-11-02 01:00;3;6;10;28;14
2019-11-02 01:15;3;6;6;18;11
2019-11-02 01:30;4;6;3;20;7
2019-11-02 01:45;2;7;10;16;4
2019-11-02 02:00;5;1;1;16;8
2019-11-02 02:15;1;3;4;9;3
2019-11-02 02:30;2;4;3;12;1
2019-11-02 02:45;1;4;3;14;3
2019-11-02 03:00;1;2;1;16;8
2019-11-02 03:15;2;6;5;9;1
2019-11-02 03:30;1;6;4;9;2
2019-11-02 03:45;0;5;4;6;4
2019-11-02 04:00;0;4;0;9;4
2019-11-02 04:15;0;2;1;7;2
2019-11-02 04:30;1;1;2;4;2
2019-11-02 04:45;0;4;3;4;1
2019-11-02 05:00;2;3;3;7;2
2019-11-02 05:15;1;4;5;7;3
2019-11-02 05:30;0;3;2;6;1
2019-11-02 05:45;0;4;4;1;2
2019-11-02 06:00;0;3;3;9;2
2019-11-02 06:15;1;6;4;7;1
2019-11-02 06:30;1;8;9;10;5
2019-11-02 06:45;2;3;11;15;7
2019-11-02 07:00;1;7;7;18;2
2019-11-02 07:15;0;18;12;16;4
2019-11-02 07:30;3;10;9;18;8
2019-11-02 07:45;2;17;26;36;16
2019-11-02 08:00;3;12;19;33;14
2019-11-02 08:15;1;16;25;41;19
2019-11-02 08:30;4;20;46;45;21
2019-11-02 08:45;6;26;36;53;25
2019-11-02 09:00;9;24;35;42;22
2019-11-02 09:15;5;38;50;49;22
2019-11-02 09:30;5;21;43;56;29
2019-11-02 09:45;5;42;67;70;49
2019-11-02 10:00;5;31;50;84;46
2019-11-02 10:15;6;33;50;108;42
2019-11-02 10:30;5;32;62;88;47
2019-11-02 10:45;7;42;43;95;58
2019-11-02 11:00;8;33;59;113;43
2019-11-02 11:15;13;38;40;102;45
2019-11-02 11:30;10;39;44;96;49
2019-11-02 11:45;4;35;54;111;53
2019-11-02 12:00;8;26;60;125;61
2019-11-02 12:15;8;38;56;113;66
2019-11-02 12:30;4;33;47;115;64
2019-11-02 12:45;15;41;53;102;67
2019-11-02 13:00;11;41;65;111;57
2019-11-02 13:15;6;32;66;99;56
2019-11-02 13:30;5;33;59;100;53
2019-11-02 13:45;12;29;66;118;64
2019-11-02 14:00;7;38;59;127;69
2019-11-02 14:15;12;37;58;105;73
2019-11-02 14:30;14;43;55;130;62
2019-11-02 14:45;13;24;54;122;55
2019-11-02 15:00;12;33;51;119;61
2019-11-02 15:15;11;37;67;133;50
2019-11-02 15:30;9;29;54;141;65
2019-11-02 15:45;9;30;42;148;66
2019-11-02 16:00;13;32;46;159;97
2019-11-02 16:15;10;25;44;129;65
2019-11-02 16:30;;;;;
2019-11-02 16:45;;;;;
2019-11-02 17:00;;;;;
2019-11-02 17:15;7;27;61;130;61
2019-11-02 17:30;12;23;45;126;74
2019-11-02 17:45;10;35;47;100;61
2019-11-02 18:00;6;29;33;127;55
2019-11-02 18:15;10;33;26;130;66
2019-11-02 18:30;12;14;29;98;56
2019-11-02 18:45;14;31;27;91;46
2019-11-02 19:00;7;34;30;85;33
2019-11-02 19:15;4;19;25;74;28
2019-11-02 19:30;8;16;21;76;30
2019-11-02 19:45;5;17;27;71;30
2019-11-02 20:00;13;18;14;64;38
2019-11-02 20:15;7;14;11;75;21
2019-11-02 20:30;7;12;18;83;32
2019-11-02 20:45;6;16;11;51;24
2019-11-02 21:00;4;10;13;54;24
2019-11-02 21:15;3;13;9;57;25
2019-11-02 21:30;7;16;15;63;12
2019-11-02 21:45;5;14;13;61;17
2019-11-02 22:00;5;13;13;72;22
2019-11-02 22:15;3;16;12;59;17
2019-11-02 22:30;6;23;15;67;16
2019-11-02 22:45;5;15;20;63;32
2019-11-02 23:00;6;12;9;56;19
2019-11-02 23:15;4;13;12;56;20
2019-11-02 23:30;4;11;10;57;24
2019-11-02 23:45;2;15;13;38;18
2019-11-03 00:00;3;9;3;45;13
2019-11-03 00:15;2;10;10;25;11
2019-11-03 00:30;6;12;5;30;20
2019-11-03 00:45;4;9;5;36;17
2019-11-03 01:00;3;14;10;39;11
2019-11-03 01:15;3;11;11;23;14
2019-11-03 01:30;1;8;8;23;8
2019-11-03 01:45;2;3;9;15;8
2019-11-03 02:00;1;2;3;18;3
2019-11-03 02:15;3;3;4;13;2
2019-11-03 02:30;1;3;2;5;1
2019-11-03 02:45;0;2;6;10;2
2019-11-03 03:00;1;6;4;10;2
2019-11-03 03:15;1;1;0;15;4
2019-11-03 03:30;0;3;3;12;3
2019-11-03 03:45;1;1;0;8;7
2019-11-03 04:00;1;8;5;9;2
2019-11-03 04:15;1;0;0;7;2
2019-11-03 04:30;1;3;3;5;3
2019-11-03 04:45;0;3;4;3;1
2019-11-03 05:00;0;3;4;4;1
2019-11-03 05:15;0;4;1;5;2
2019-11-03 05:30;1;5;4;4;2
2019-11-03 05:45;0;0;2;8;0
2019-11-03 06:00;0;4;1;3;0
2019-11-03 06:15;0;4;2;14;1
2019-11-03 06:30;0;5;6;11;2
2019-11-03 06:45;1;6;12;19;6
2019-11-03 07:00;0;8;6;6;2
2019-11-03 07:15;1;5;8;8;3
2019-11-03 07:30;1;4;7;12;2
2019-11-03 07:45;1;4;10;12;8
2019-11-03 08:00;0;8;8;13;5
2019-11-03 08:15;0;5;15;13;7
2019-11-03 08:30;0;14;17;16;8
2019-11-03 08:45;2;11;11;34;11
2019-11-03 09:00;1;9;17;21;16
2019-11-03 09:15;5;8;21;29;11
2019-11-03 09:30;5;21;36;32;9
2019-11-03 09:45;7;22;52;62;30
2019-11-03 10:00;6;21;33;51;27
2019-11-03 10:15;3;32;44;49;12
2019-11-03 10:30;10;32;39;52;31
2019-11-03 10:45;5;23;40;84;34
2019-11-03 11:00;3;29;40;64;35
2019-11-03 11:15;10;27;42;67;39
2019-11-03 11:30;7;28;48;64;34
2019-11-03 11:45;6;29;40;91;51
2019-11-03 12:00;10;41;38;93;43
2019-11-03 12:15;9;26;42;90;35
2019-11-03 12:30;8;34;34;91;43
2019-11-03 12:45;9;22;57;97;52
2019-11-03 13:00;11;27;57;94;41
2019-11-03 13:15;8;33;40;107;55
2019-11-03 13:30;10;40;41;122;62
2019-11-03 13:45;5;35;48;102;46
2019-11-03 14:00;8;22;45;106;56
2019-11-03 14:15;9;29;45;109;55
2019-11-03 14:30;4;33;49;108;56
2019-11-03 14:45;15;23;41;103;56
2019-11-03 15:00;8;37;47;100;51
2019-11-03 15:15;9;31;40;105;57
2019-11-03 15:30;9;31;41;109;49
2019-11-03 15:45;6;27;32;129;54
2019-11-03 16:00;6;25;39;102;48
2019-11-03 16:15;6;27;41;123;54
2019-11-03 16:30;14;28;28;110;49
2019-11-03 16:45;7;25;46;108;43
2019-11-03 17:00;8;34;40;97;48
2019-11-03 17:15;12;21;32;107;53
2019-11-03 17:30;6;27;27;97;51
2019-11-03 17:45;8;21;35;95;56
2019-11-03 18:00;6;27;38;109;46
2019-11-03 18:15;8;24;30;109;48
2019-11-03 18:30;6;16;29;98;31
2019-11-03 18:45;7;21;24;77;37
2019-11-03 19:00;4;11;26;72;36
2019-11-03 19:15;6;23;20;77;31
2019-11-03 19:30;3;15;19;73;24
2019-11-03 19:45;8;15;17;69;31
2019-11-03 20:00;5;17;15;56;22
2019-11-03 20:15;2;15;22;71;22
2019-11-03 20:30;2;16;22;57;18
2019-11-03 20:45;5;11;15;63;26
2019-11-03 21:00;1;8;4;53;21
2019-11-03 21:15;7;12;14;57;15
2019-11-03 21:30;2;9;6;46;17
2019-11-03 21:45;2;11;9;41;14
2019-11-03 22:00;7;14;11;52;24
2019-11-03 22:15;3;15;11;42;20
2019-11-03 22:30;2;12;11;40;18
2019-11-03 22:45;3;8;7;35;13
2019-11-03 23:00;1;8;10;27;14
2019-11-03 23:15;5;8;6;26;10
2019-11-03 23:30;2;6;3;22;7
2019-11-03 23:45;1;3;7;14;7
2019-11-04 00:00;3;4;3;14;7
2019-11-04 00:15;0;1;2;13;7
2019-11-04 00:30;0;2;2;6;0
2019-11-04 00:45;1;1;1;7;2
2019-11-04 01:00;0;1;1;4;1
2019-11-04 01:15;0;2;2;6;1
2019-11-04 01:30;0;1;2;2;1
2019-11-04 01:45;1;1;2;0;0
2019-11-04 02:00;0;0;0;3;1
2019-11-04 02:15;0;3;3;1;1
2019-11-04 02:30;0;1;0;0;0
2019-11-04 02:45;0;2;1;2;2
2019-11-04 03:00;0;0;0;1;1
2019-11-04 03:15;1;0;0;1;0
2019-11-04 03:30;0;1;0;0;2
2019-11-04 03:45;0;1;2;2;0
2019-11-04 04:00;0;0;0;0;1
2019-11-04 04:15;0;1;2;1;0
2019-11-04 04:30;0;2;3;2;1
2019-11-04 04:45;0;3;5;5;1
2019-11-04 05:00;0;2;4;4;0
2019-11-04 05:15;1;3;3;2;1
2019-11-04 05:30;0;7;15;5;1
2019-11-04 05:45;3;10;10;7;2
2019-11-04 06:00;0;10;11;11;3
2019-11-04 06:15;0;24;27;13;4
2019-11-04 06:30;3;20;42;25;7
2019-11-04 06:45;2;28;41;44;13
2019-11-04 07:00;4;38;52;39;9
2019-11-04 07:15;5;34;84;50;30
2019-11-04 07:30;9;38;94;63;28
2019-11-04 07:45;14;46;104;68;39
2019-11-04 08:00;16;36;130;75;31
2019-11-04 08:15;27;52;109;82;46
2019-11-04 08:30;19;42;128;84;53
2019-11-04 08:45;10;50;131;79;71
2019-11-04 09:00;11;49;100;76;36
2019-11-04 09:15;8;37;57;74;47
2019-11-04 09:30;8;31;59;65;56
2019-11-04 09:45;9;31;40;92;57
2019-11-04 10:00;13;30;30;78;42
2019-11-04 10:15;6;35;39;78;35
2019-11-04 10:30;13;32;46;72;42
2019-11-04 10:45;14;41;34;84;48
2019-11-04 11:00;10;19;21;102;43
2019-11-04 11:15;11;35;27;92;39
2019-11-04 11:30;13;32;32;91;32
2019-11-04 11:45;11;36;27;86;38
2019-11-04 12:00;10;32;35;108;45
2019-11-04 12:15;8;31;34;96;53
2019-11-04 12:30;11;32;35;100;36
2019-11-04 12:45;15;24;30;103;49
2019-11-04 13:00;11;37;38;99;49
2019-11-04 13:15;9;31;34;100;47
2019-11-04 13:30;9;23;39;85;50
2019-11-04 13:45;7;28;33;105;54
2019-11-04 14:00;16;38;35;114;37
2019-11-04 14:15;12;29;49;115;45
2019-11-04 14:30;19;43;44;121;48
2019-11-04 14:45;24;26;42;124;53
2019-11-04 15:00;19;31;42;119;59
2019-11-04 15:15;15;34;38;127;57
2019-11-04 15:30;16;25;35;142;57
2019-11-04 15:45;13;36;51;141;69
2019-11-04 16:00;19;34;35;135;71
2019-11-04 16:15;12;32;44;160;75
2019-11-04 16:30;16;29;35;171;86
2019-11-04 16:45;23;21;32;144;77
2019-11-04 17:00;32;30;40;193;90
2019-11-04 17:15;42;45;38;181;107
2019-11-04 17:30;37;34;45;174;73
2019-11-04 17:45;37;27;46;179;100
2019-11-04 18:00;29;35;35;206;89
2019-11-04 18:15;28;28;30;147;75
2019-11-04 18:30;23;18;25;129;75
2019-11-04 18:45;18;36;20;121;60
2019-11-04 19:00;18;24;24;99;47
2019-11-04 19:15;13;22;25;85;40
2019-11-04 19:30;13;25;26;97;48
2019-11-04 19:45;9;11;15;105;45
2019-11-04 20:00;18;13;10;65;28
2019-11-04 20:15;8;12;11;68;31
2019-11-04 20:30;10;13;13;58;23
2019-11-04 20:45;15;9;7;41;20
2019-11-04 21:00;5;12;13;49;17
2019-11-04 21:15;7;11;11;40;18
2019-11-04 21:30;5;13;12;67;29
2019-11-04 21:45;11;10;11;58;19
2019-11-04 22:00;3;14;18;49;15
2019-11-04 22:15;8;11;12;51;16
2019-11-04 22:30;0;10;7;61;11
2019-11-04 22:45;4;8;7;28;13
2019-11-04 23:00;0;6;3;35;9
2019-11-04 23:15;2;5;3;28;5
2019-11-04 23:30;1;3;2;25;9
2019-11-04 23:45;1;6;3;12;9
2019-11-05 00:00;0;4;3;15;5
2019-11-05 00:15;2;3;1;13;3
2019-11-05 00:30;3;3;4;10;1
2019-11-05 00:45;3;2;3;5;1
2019-11-05 01:00;0;3;1;7;4
2019-11-05 01:15;1;4;5;1;0
2019-11-05 01:30;0;1;1;3;3
2019-11-05 01:45;1;2;0;3;1
2019-11-05 02:00;0;0;0;3;0
2019-11-05 02:15;0;1;2;2;3
2019-11-05 02:30;0;0;0;2;1
2019-11-05 02:45;0;1;0;1;0
2019-11-05 03:00;0;1;0;1;1
2019-11-05 03:15;0;0;0;0;1
2019-11-05 03:30;1;1;1;0;1
2019-11-05 03:45;2;1;0;3;1
2019-11-05 04:00;0;1;1;1;0
2019-11-05 04:15;0;1;2;3;1
2019-11-05 04:30;0;1;2;4;0
2019-11-05 04:45;1;0;1;4;0
2019-11-05 05:00;0;4;2;2;0
2019-11-05 05:15;1;5;5;9;0
2019-11-05 05:30;0;7;7;4;3
2019-11-05 05:45;2;7;15;5;3
2019-11-05 06:00;0;14;11;14;5
2019-11-05 06:15;1;14;19;13;2
2019-11-05 06:30;0;22;38;37;6
2019-11-05 06:45;2;19;46;51;7
2019-11-05 07:00;3;33;63;37;10
2019-11-05 07:15;8;33;71;38;20
2019-11-05 07:30;6;40;83;63;23
2019-11-05 07:45;18;45;108;64;49
2019-11-05 08:00;27;39;133;66;32
2019-11-05 08:15;21;49;107;84;53
2019-11-05 08:30;29;51;112;97;49
2019-11-05 08:45;16;57;130;89;60
2019-11-05 09:00;12;38;93;57;46
2019-11-05 09:15;10;40;72;80;52
2019-11-05 09:30;7;43;50;91;39
2019-11-05 09:45;11;30;46;86;41
2019-11-05 10:00;14;37;45;89;54
2019-11-05 10:15;5;38;36;92;43
2019-11-05 10:30;12;36;41;83;31
2019-11-05 10:45;5;23;27;108;51
2019-11-05 11:00;9;39;42;89;52
2019-11-05 11:15;10;34;37;83;39
2019-11-05 11:30;11;33;49;102;39
2019-11-05 11:45;15;21;42;110;42
2019-11-05 12:00;6;37;43;112;45
2019-11-05 12:15;13;36;37;98;51
2019-11-05 12:30;19;40;46;110;42
2019-11-05 12:45;17;32;49;99;57
2019-11-05 13:00;16;34;36;92;53
2019-11-05 13:15;13;30;42;113;50
2019-11-05 13:30;14;25;39;116;51
2019-11-05 13:45;9;35;46;83;48
2019-11-05 14:00;10;34;35;102;51
2019-11-05 14:15;14;34;44;158;53
2019-11-05 14:30;19;32;43;117;38
2019-11-05 14:45;24;41;45;133;58
2019-11-05 15:00;14;32;30;122;54
2019-11-05 15:15;16;32;39;116;69
2019-11-05 15:30;18;29;49;107;64
2019-11-05 15:45;15;29;45;148;78
2019-11-05 16:00;19;32;49;165;76
2019-11-05 16:15;16;26;38;164;84
2019-11-05 16:30;25;35;40;153;83
2019-11-05 16:45;26;32;51;182;71
2019-11-05 17:00;28;31;35;185;77
2019-11-05 17:15;37;41;46;199;92
2019-11-05 17:30;41;29;36;193;103
2019-11-05 17:45;32;36;31;202;87
2019-11-05 18:00;34;34;34;187;99
2019-11-05 18:15;29;30;29;137;78
2019-11-05 18:30;24;26;26;129;76
2019-11-05 18:45;20;28;24;139;68
2019-11-05 19:00;16;23;17;124;54
2019-11-05 19:15;18;26;20;105;45
2019-11-05 19:30;16;27;26;76;37
2019-11-05 19:45;15;15;23;75;36
2019-11-05 20:00;3;19;20;75;34
2019-11-05 20:15;14;13;12;79;30
2019-11-05 20:30;6;11;13;61;27
2019-11-05 20:45;16;11;14;45;20
2019-11-05 21:00;7;14;11;70;17
2019-11-05 21:15;12;12;14;42;20
2019-11-05 21:30;6;17;15;63;21
2019-11-05 21:45;3;17;15;50;21
2019-11-05 22:00;13;15;9;64;21
2019-11-05 22:15;10;16;11;57;25
2019-11-05 22:30;6;14;9;55;19
2019-11-05 22:45;4;8;9;51;15
2019-11-05 23:00;5;15;7;50;14
2019-11-05 23:15;2;7;13;31;15
2019-11-05 23:30;4;8;3;35;19
2019-11-05 23:45;5;5;7;26;8
2019-11-06 00:00;2;3;0;11;5
2019-11-06 00:15;1;5;6;9;8
2019-11-06 00:30;0;1;1;7;0
2019-11-06 00:45;0;3;0;9;5
2019-11-06 01:00;2;5;4;8;8
2019-11-06 01:15;0;1;2;10;1
2019-11-06 01:30;2;2;1;4;1
2019-11-06 01:45;0;2;2;3;2
2019-11-06 02:00;1;0;1;3;1
2019-11-06 02:15;0;2;0;6;4
2019-11-06 02:30;0;1;0;2;0
2019-11-06 02:45;0;1;1;1;1
2019-11-06 03:00;0;0;0;3;2
2019-11-06 03:15;0;0;0;1;3
2019-11-06 03:30;0;3;2;3;2
2019-11-06 03:45;0;1;2;5;0
2019-11-06 04:00;0;3;1;1;1
2019-11-06 04:15;0;1;1;1;3
2019-11-06 04:30;0;1;2;3;0
2019-11-06 04:45;0;4;2;1;0
2019-11-06 05:00;0;1;4;5;0
2019-11-06 05:15;0;5;3;5;3
2019-11-06 05:30;0;9;8;3;2
2019-11-06 05:45;2;10;10;9;2
2019-11-06 06:00;1;11;14;11;2
2019-11-06 06:15;1;12;18;26;7
2019-11-06 06:30;0;25;32;29;6
2019-11-06 06:45;4;22;38;44;19
2019-11-06 07:00;1;26;52;32;5
2019-11-06 07:15;1;29;71;43;20
2019-11-06 07:30;8;40;76;41;24
2019-11-06 07:45;10;45;86;58;25
2019-11-06 08:00;7;34;97;49;37
2019-11-06 08:15;11;31;99;54;24
2019-11-06 08:30;16;39;93;69;60
2019-11-06 08:45;12;38;90;76;33
2019-11-06 09:00;6;44;83;81;39
2019-11-06 09:15;14;48;67;68;37
2019-11-06 09:30;17;29;56;68;41
2019-11-06 09:45;13;34;47;91;57
2019-11-06 10:00;7;40;44;85;37
2019-11-06 10:15;9;34;39;91;45
2019-11-06 10:30;17;36;33;95;51
2019-11-06 10:45;17;39;39;95;26
2019-11-06 11:00;12;29;36;86;54
2019-11-06 11:15;14;30;32;84;49
2019-11-06 11:30;10;33;35;110;40
2019-11-06 11:45;17;38;38;82;52
2019-11-06 12:00;13;37;40;122;48
2019-11-06 12:15;22;39;45;109;43
2019-11-06 12:30;19;29;47;102;54
2019-11-06 12:45;16;36;46;97;70
2019-11-06 13:00;15;47;52;102;44
2019-11-06 13:15;16;30;42;83;47
2019-11-06 13:30;14;33;42;98;50
2019-11-06 13:45;13;39;46;137;54
2019-11-06 14:00;12;37;48;112;52
2019-11-06 14:15;21;31;33;95;44
2019-11-06 14:30;13;32;43;92;50
2019-11-06 14:45;13;38;54;117;55
2019-11-06 15:00;12;32;41;131;55
2019-11-06 15:15;12;27;38;137;67
2019-11-06 15:30;25;34;43;152;63
2019-11-06 15:45;17;32;48;155;70
2019-11-06 16:00;19;47;43;142;84
2019-11-06 16:15;23;28;47;157;71
2019-11-06 16:30;22;38;34;158;86
2019-11-06 16:45;26;18;18;158;79
2019-11-06 17:00;19;27;44;170;78
2019-11-06 17:15;34;18;38;184;102
2019-11-06 17:30;34;30;39;181;97
2019-11-06 17:45;31;22;27;171;89
2019-11-06 18:00;36;28;27;180;103
2019-11-06 18:15;18;32;30;170;83
2019-11-06 18:30;20;27;20;114;74
2019-11-06 18:45;19;14;26;124;67
2019-11-06 19:00;14;18;26;117;53
2019-11-06 19:15;18;34;21;107;54
2019-11-06 19:30;12;32;24;109;44
2019-11-06 19:45;17;23;21;111;63
2019-11-06 20:00;10;15;22;73;35
2019-11-06 20:15;6;18;12;68;28
2019-11-06 20:30;11;16;18;61;29
2019-11-06 20:45;5;18;17;48;19
2019-11-06 21:00;11;18;16;53;20
2019-11-06 21:15;8;19;15;53;18
2019-11-06 21:30;5;11;18;56;19
2019-11-06 21:45;11;16;15;64;17
2019-11-06 22:00;6;12;10;59;25
2019-11-06 22:15;9;11;11;64;25
2019-11-06 22:30;3;10;9;55;21
2019-11-06 22:45;7;11;15;44;22
2019-11-06 23:00;2;5;6;63;29
2019-11-06 23:15;1;8;9;30;8
2019-11-06 23:30;1;5;6;34;13
2019-11-06 23:45;2;6;8;23;12
2019-11-07 00:00;0;3;3;12;6
2019-11-07 00:15;0;4;2;16;7
2019-11-07 00:30;1;2;2;9;3
2019-11-07 00:45;1;4;4;6;2
2019-11-07 01:00;0;3;2;5;1
2019-11-07 01:15;0;0;2;6;1
2019-11-07 01:30;0;1;0;4;4
2019-11-07 01:45;1;2;2;3;2
2019-11-07 02:00;1;0;1;3;3
2019-11-07 02:15;0;0;0;2;0
2019-11-07 02:30;0;2;2;4;1
2019-11-07 02:45;0;1;1;4;2
2019-11-07 03:00;0;1;0;2;1
2019-11-07 03:15;0;0;0;0;2
2019-11-07 03:30;0;1;1;2;1
2019-11-07 03:45;0;1;1;4;0
2019-11-07 04:00;0;0;0;1;2
2019-11-07 04:15;0;1;0;2;1
2019-11-07 04:30;0;1;0;2;0
2019-11-07 04:45;0;2;2;1;1
2019-11-07 05:00;0;2;3;3;2
2019-11-07 05:15;0;1;5;3;1
2019-11-07 05:30;1;11;13;9;0
2019-11-07 05:45;1;7;13;6;1
2019-11-07 06:00;0;9;14;12;4
2019-11-07 06:15;0;19;17;15;4
2019-11-07 06:30;1;13;40;23;9
2019-11-07 06:45;2;30;45;37;10
2019-11-07 07:00;3;30;58;33;16
2019-11-07 07:15;6;34;81;44;16
2019-11-07 07:30;8;40;106;61;36
2019-11-07 07:45;15;45;101;77;36
2019-11-07 08:00;26;40;149;59;38
2019-11-07 08:15;25;57;131;87;48
2019-11-07 08:30;19;45;119;109;49
2019-11-07 08:45;20;53;150;81;61
2019-11-07 09:00;7;63;110;73;42
2019-11-07 09:15;9;34;59;89;41
2019-11-07 09:30;12;40;61;72;43
2019-11-07 09:45;6;40;57;85;46
2019-11-07 10:00;5;38;39;70;49
2019-11-07 10:15;12;29;57;102;39
2019-11-07 10:30;8;35;50;84;39
2019-11-07 10:45;12;32;39;124;55
2019-11-07 11:00;3;34;37;85;47
2019-11-07 11:15;9;42;40;110;51
2019-11-07 11:30;3;32;34;107;45
2019-11-07 11:45;17;43;39;112;49
2019-11-07 12:00;11;40;51;111;55
2019-11-07 12:15;14;33;38;107;68
2019-11-07 12:30;13;38;41;80;47
2019-11-07 12:45;15;32;54;135;57
2019-11-07 13:00;13;37;47;112;63
2019-11-07 13:15;14;33;31;103;47
2019-11-07 13:30;13;36;46;124;45
2019-11-07 13:45;15;41;30;112;45
2019-11-07 14:00;16;33;40;128;45
2019-11-07 14:15;13;32;54;139;64
2019-11-07 14:30;13;31;47;126;56
2019-11-07 14:45;18;43;60;144;58
2019-11-07 15:00;15;46;54;163;75
2019-11-07 15:15;14;34;44;144;80
2019-11-07 15:30;20;25;48;126;71
2019-11-07 15:45;13;39;43;183;101
2019-11-07 16:00;20;42;43;162;75
2019-11-07 16:15;17;33;41;164;57
2019-11-07 16:30;24;25;44;152;76
2019-11-07 16:45;18;29;41;180;78
2019-11-07 17:00;24;33;45;173;89
2019-11-07 17:15;37;36;51;167;115
2019-11-07 17:30;36;41;36;180;87
2019-11-07 17:45;31;36;40;174;78
2019-11-07 18:00;28;32;28;179;98
2019-11-07 18:15;27;37;37;191;108
2019-11-07 18:30;24;30;23;132;81
2019-11-07 18:45;20;36;30;134;71
2019-11-07 19:00;17;25;23;99;65
2019-11-07 19:15;14;24;24;114;44
2019-11-07 19:30;14;29;22;97;46
2019-11-07 19:45;16;24;24;99;41
2019-11-07 20:00;8;31;23;83;33
2019-11-07 20:15;10;13;14;67;20
2019-11-07 20:30;6;13;9;62;25
2019-11-07 20:45;7;18;18;67;24
2019-11-07 21:00;5;11;16;55;16
2019-11-07 21:15;2;24;28;56;21
2019-11-07 21:30;6;12;10;68;25
2019-11-07 21:45;8;15;12;49;13
2019-11-07 22:00;7;22;8;73;27
2019-11-07 22:15;8;8;11;66;30
2019-11-07 22:30;6;13;9;68;23
2019-11-07 22:45;14;14;9;54;19
2019-11-07 23:00;4;13;9;41;16
2019-11-07 23:15;8;14;11;42;20
2019-11-07 23:30;5;8;5;29;16
2019-11-07 23:45;5;11;10;34;11
2019-11-08 00:00;4;12;5;27;10
2019-11-08 00:15;4;5;1;21;9
2019-11-08 00:30;3;4;2;14;11
2019-11-08 00:45;1;4;4;9;1
2019-11-08 01:00;1;3;4;12;7
2019-11-08 01:15;1;5;5;9;3
2019-11-08 01:30;0;5;6;4;5
2019-11-08 01:45;0;0;1;5;3
2019-11-08 02:00;0;2;3;3;2
2019-11-08 02:15;2;1;1;7;1
2019-11-08 02:30;0;1;0;4;2
2019-11-08 02:45;0;1;1;9;4
2019-11-08 03:00;;;;;
2019-11-08 03:15;0;0;0;2;2
2019-11-08 03:30;1;1;1;2;2
2019-11-08 03:45;0;0;1;5;2
2019-11-08 04:00;0;2;1;4;2
2019-11-08 04:15;0;2;2;5;0
2019-11-08 04:30;0;0;0;4;1
2019-11-08 04:45;0;2;0;4;1
2019-11-08 05:00;0;4;3;3;0
2019-11-08 05:15;0;2;7;6;1
2019-11-08 05:30;0;9;10;5;0
2019-11-08 05:45;1;12;13;1;1
2019-11-08 06:00;0;12;19;12;6
2019-11-08 06:15;1;16;22;17;2
2019-11-08 06:30;0;13;33;37;9
2019-11-08 06:45;5;17;27;40;10
2019-11-08 07:00;0;29;49;38;12
2019-11-08 07:15;6;30;68;38;13
2019-11-08 07:30;5;36;79;73;26
2019-11-08 07:45;13;53;94;75;38
2019-11-08 08:00;19;48;132;66;36
2019-11-08 08:15;22;34;101;89;53
2019-11-08 08:30;19;42;98;95;54
2019-11-08 08:45;14;52;112;105;60
2019-11-08 09:00;12;37;88;81;52
2019-11-08 09:15;7;43;72;116;57
2019-11-08 09:30;13;39;70;81;60
2019-11-08 09:45;17;43;51;109;50
2019-11-08 10:00;16;45;40;91;46
2019-11-08 10:15;6;38;46;81;40
2019-11-08 10:30;12;42;61;88;55
2019-11-08 10:45;10;36;50;102;49
2019-11-08 11:00;8;32;46;76;54
2019-11-08 11:15;13;36;36;88;40
2019-11-08 11:30;17;32;44;96;49
2019-11-08 11:45;14;38;50;120;56
2019-11-08 12:00;11;28;40;103;62
2019-11-08 12:15;17;36;55;118;49
2019-11-08 12:30;9;38;49;119;52
2019-11-08 12:45;20;32;37;115;51
2019-11-08 13:00;14;27;42;119;47
2019-11-08 13:15;13;28;51;105;45
2019-11-08 13:30;13;30;43;114;56
2019-11-08 13:45;15;24;41;122;54
2019-11-08 14:00;19;28;55;109;60
2019-11-08 14:15;14;22;45;125;66
2019-11-08 14:30;23;36;54;133;55
2019-11-08 14:45;12;57;67;124;60
2019-11-08 15:00;21;40;52;146;62
2019-11-08 15:15;18;34;55;155;78
2019-11-08 15:30;14;35;55;132;88
2019-11-08 15:45;13;43;45;155;65
2019-11-08 16:00;22;25;38;143;68
2019-11-08 16:15;28;40;45;161;67
2019-11-08 16:30;15;39;49;150;72
2019-11-08 16:45;18;36;42;127;68
2019-11-08 17:00;26;18;33;147;92
2019-11-08 17:15;28;31;43;166;95
2019-11-08 17:30;20;26;36;162;96
2019-11-08 17:45;25;34;37;169;93
2019-11-08 18:00;31;30;39;153;75
2019-11-08 18:15;24;32;47;163;83
2019-11-08 18:30;25;33;33;134;64
2019-11-08 18:45;16;40;38;122;80
2019-11-08 19:00;17;27;24;127;50
2019-11-08 19:15;17;31;17;115;51
2019-11-08 19:30;10;25;23;81;39
2019-11-08 19:45;4;24;27;85;34
2019-11-08 20:00;14;19;13;55;28
2019-11-08 20:15;7;21;21;57;16
2019-11-08 20:30;8;17;12;64;25
2019-11-08 20:45;5;16;14;54;19
2019-11-08 21:00;4;13;15;38;21
2019-11-08 21:15;7;11;6;54;10
2019-11-08 21:30;7;22;14;57;16
2019-11-08 21:45;7;10;11;38;22
2019-11-08 22:00;8;18;13;33;18
2019-11-08 22:15;7;16;16;48;15
2019-11-08 22:30;13;22;14;60;19
2019-11-08 22:45;5;19;14;58;26
2019-11-08 23:00;6;13;13;53;13
2019-11-08 23:15;5;10;11;63;19
2019-11-08 23:30;7;11;3;37;23
2019-11-08 23:45;6;11;9;40;16
2019-11-09 00:00;4;10;7;38;13
2019-11-09 00:15;3;6;5;42;9
2019-11-09 00:30;6;6;7;23;9
2019-11-09 00:45;2;3;4;33;7
2019-11-09 01:00;4;9;4;17;5
2019-11-09 01:15;7;7;5;33;6
2019-11-09 01:30;0;7;7;17;5
2019-11-09 01:45;3;4;3;10;3
2019-11-09 02:00;1;4;5;18;3
2019-11-09 02:15;2;5;1;12;3
2019-11-09 02:30;2;3;2;10;4
2019-11-09 02:45;0;0;2;7;1
2019-11-09 03:00;0;2;0;13;7
2019-11-09 03:15;0;2;5;7;1
2019-11-09 03:30;0;1;1;10;1
2019-11-09 03:45;0;2;4;10;3
2019-11-09 04:00;0;2;1;2;3
2019-11-09 04:15;1;2;2;1;2
2019-11-09 04:30;0;1;0;3;1
2019-11-09 04:45;0;2;1;4;1
2019-11-09 05:00;0;2;3;2;1
2019-11-09 05:15;0;3;4;3;0
2019-11-09 05:30;0;2;4;3;0
2019-11-09 05:45;0;2;3;5;3
2019-11-09 06:00;1;2;0;11;3
2019-11-09 06:15;1;4;4;7;2
2019-11-09 06:30;1;8;7;8;3
2019-11-09 06:45;3;5;8;14;5
2019-11-09 07:00;0;12;13;21;7
2019-11-09 07:15;1;11;13;21;8
2019-11-09 07:30;1;9;13;18;7
2019-11-09 07:45;2;18;30;35;16
2019-11-09 08:00;1;8;32;27;9
2019-11-09 08:15;0;19;24;32;10
2019-11-09 08:30;5;18;33;52;24
2019-11-09 08:45;2;18;44;52;20
2019-11-09 09:00;6;26;36;53;22
2019-11-09 09:15;8;27;47;40;39
2019-11-09 09:30;5;19;47;65;28
2019-11-09 09:45;9;39;42;84;48
2019-11-09 10:00;5;30;43;90;43
2019-11-09 10:15;9;30;46;67;27
2019-11-09 10:30;12;24;45;97;56
2019-11-09 10:45;11;44;43;123;49
2019-11-09 11:00;16;38;51;109;52
2019-11-09 11:15;8;31;49;81;54
2019-11-09 11:30;6;26;48;85;45
2019-11-09 11:45;13;29;59;100;46
2019-11-09 12:00;13;39;64;89;61
2019-11-09 12:15;8;35;61;106;56
2019-11-09 12:30;15;47;53;113;57
2019-11-09 12:45;7;42;62;128;67
2019-11-09 13:00;9;34;50;104;52
2019-11-09 13:15;8;32;63;125;69
2019-11-09 13:30;14;44;57;116;50
2019-11-09 13:45;12;36;66;102;53
2019-11-09 14:00;11;32;52;103;50
2019-11-09 14:15;16;30;61;117;55
2019-11-09 14:30;14;40;50;111;50
2019-11-09 14:45;12;31;46;123;55
2019-11-09 15:00;12;23;54;114;58
2019-11-09 15:15;12;29;50;113;55
2019-11-09 15:30;9;41;46;109;72
2019-11-09 15:45;13;26;57;121;79
2019-11-09 16:00;10;31;42;127;58
2019-11-09 16:15;10;42;44;111;50
2019-11-09 16:30;13;29;48;117;57
2019-11-09 16:45;14;34;51;108;59
2019-11-09 17:00;11;29;53;130;66
2019-11-09 17:15;17;31;65;118;55
2019-11-09 17:30;15;36;60;134;62
2019-11-09 17:45;17;26;39;119;60
2019-11-09 18:00;13;20;26;104;53
2019-11-09 18:15;12;28;23;94;49
2019-11-09 18:30;7;18;18;88;32
2019-11-09 18:45;5;24;17;99;43
2019-11-09 19:00;8;30;23;80;45
2019-11-09 19:15;12;26;31;74;28
2019-11-09 19:30;9;20;20;84;30
2019-11-09 19:45;9;20;24;78;35
2019-11-09 20:00;7;24;29;61;30
2019-11-09 20:15;8;17;23;49;20
2019-11-09 20:30;2;19;18;62;22
2019-11-09 20:45;6;15;18;66;27
2019-11-09 21:00;6;11;13;50;22
2019-11-09 21:15;2;13;14;57;18
2019-11-09 21:30;6;9;13;44;11
2019-11-09 21:45;7;14;14;53;25
2019-11-09 22:00;8;15;11;64;21
2019-11-09 22:15;10;17;17;54;13
2019-11-09 22:30;2;14;19;61;20
2019-11-09 22:45;6;15;10;66;20
2019-11-09 23:00;9;15;13;49;20
2019-11-09 23:15;6;18;10;49;18
2019-11-09 23:30;5;11;10;45;14
2019-11-09 23:45;9;10;9;44;14
2019-11-10 00:00;0;6;8;39;12
2019-11-10 00:15;2;14;12;37;15
2019-11-10 00:30;2;5;12;22;14
2019-11-10 00:45;6;4;8;33;7
2019-11-10 01:00;2;10;11;33;12
2019-11-10 01:15;0;8;7;27;6
2019-11-10 01:30;3;6;7;20;13
2019-11-10 01:45;0;3;13;12;8
2019-11-10 02:00;0;6;4;20;6
2019-11-10 02:15;2;3;8;11;5
2019-11-10 02:30;3;6;5;17;8
2019-11-10 02:45;0;2;3;8;5
2019-11-10 03:00;3;2;6;12;4
2019-11-10 03:15;1;2;5;13;4
2019-11-10 03:30;0;1;0;5;1
2019-11-10 03:45;1;3;3;11;5
2019-11-10 04:00;1;0;4;10;5
2019-11-10 04:15;0;0;3;5;5
2019-11-10 04:30;1;2;3;5;4
2019-11-10 04:45;0;4;5;7;1
2019-11-10 05:00;0;1;3;3;2
2019-11-10 05:15;0;3;6;6;1
2019-11-10 05:30;0;1;3;5;0
2019-11-10 05:45;0;1;2;5;4
2019-11-10 06:00;0;1;2;5;3
2019-11-10 06:15;0;7;7;7;2
2019-11-10 06:30;0;3;7;4;1
2019-11-10 06:45;1;1;4;10;5
2019-11-10 07:00;0;5;9;6;0
2019-11-10 07:15;1;6;12;11;1
2019-11-10 07:30;0;4;5;8;1
2019-11-10 07:45;0;5;12;14;4
2019-11-10 08:00;0;7;15;6;7
2019-11-10 08:15;1;12;15;19;6
2019-11-10 08:30;1;9;24;18;6
2019-11-10 08:45;2;8;18;20;7
2019-11-10 09:00;0;14;21;22;6
2019-11-10 09:15;3;16;20;27;14
2019-11-10 09:30;4;10;23;37;19
2019-11-10 09:45;6;13;33;58;27
2019-11-10 10:00;4;20;31;49;12
2019-11-10 10:15;1;20;35;60;23
2019-11-10 10:30;3;21;44;53;35
2019-11-10 10:45;8;26;33;84;24
2019-11-10 11:00;11;19;35;70;42
2019-11-10 11:15;8;26;43;58;28
2019-11-10 11:30;3;24;48;71;32
2019-11-10 11:45;9;22;40;92;33
2019-11-10 12:00;9;29;35;81;43
2019-11-10 12:15;10;22;44;73;45
2019-11-10 12:30;7;25;49;119;46
2019-11-10 12:45;8;29;52;97;39
2019-11-10 13:00;12;35;42;98;35
2019-11-10 13:15;14;30;43;109;47
2019-11-10 13:30;13;25;53;101;36
2019-11-10 13:45;19;40;57;101;41
2019-11-10 14:00;8;26;44;141;59
2019-11-10 14:15;13;24;46;145;61
2019-11-10 14:30;7;18;49;134;54
2019-11-10 14:45;10;29;35;104;35
2019-11-10 15:00;14;29;54;97;50
2019-11-10 15:15;13;30;54;105;38
2019-11-10 15:30;8;33;59;104;52
2019-11-10 15:45;12;31;39;107;56
2019-11-10 16:00;7;26;38;125;42
2019-11-10 16:15;12;31;49;103;39
2019-11-10 16:30;14;36;46;126;54
2019-11-10 16:45;16;25;61;125;52
2019-11-10 17:00;12;37;59;157;61
2019-11-10 17:15;12;28;43;149;56
2019-11-10 17:30;11;28;39;152;73
2019-11-10 17:45;15;22;34;111;49
2019-11-10 18:00;8;23;25;97;49
2019-11-10 18:15;9;34;34;99;37
2019-11-10 18:30;13;23;26;86;36
2019-11-10 18:45;9;23;21;71;39
2019-11-10 19:00;7;15;22;67;31
2019-11-10 19:15;7;16;17;68;31
2019-11-10 19:30;5;14;15;67;33
2019-11-10 19:45;4;12;15;63;28
2019-11-10 20:00;7;19;18;74;23
2019-11-10 20:15;5;20;15;61;18
2019-11-10 20:30;1;16;11;59;35
2019-11-10 20:45;3;10;16;58;21
2019-11-10 21:00;1;17;10;61;26
2019-11-10 21:15;1;7;10;53;24
2019-11-10 21:30;3;11;10;52;15
2019-11-10 21:45;4;10;7;47;15
2019-11-10 22:00;4;8;11;38;6
2019-11-10 22:15;2;10;11;36;18
2019-11-10 22:30;3;6;8;41;10
2019-11-10 22:45;5;6;5;23;10
2019-11-10 23:00;3;9;6;27;10
2019-11-10 23:15;2;9;7;28;13
2019-11-10 23:30;1;3;2;18;9
2019-11-10 23:45;0;4;4;12;5
2019-11-11 00:00;;;;;
2019-11-11 00:15;;;;;
2019-11-11 00:30;0;1;2;6;3
2019-11-11 00:45;3;1;1;7;2
2019-11-11 01:00;0;2;0;4;2
2019-11-11 01:15;0;3;0;4;2
2019-11-11 01:30;0;1;1;2;2
2019-11-11 01:45;1;0;1;5;0
2019-11-11 02:00;0;2;2;3;1
2019-11-11 02:15;1;1;2;4;0
2019-11-11 02:30;0;0;0;5;3
2019-11-11 02:45;0;0;0;2;1
2019-11-11 03:00;0;1;0;2;1
2019-11-11 03:15;0;1;1;1;0
2019-11-11 03:30;0;1;3;1;1
2019-11-11 03:45;0;1;0;2;0
2019-11-11 04:00;0;0;2;2;1
2019-11-11 04:15;0;0;1;1;0
2019-11-11 04:30;0;1;2;0;1
2019-11-11 04:45;0;4;3;2;1
2019-11-11 05:00;0;4;7;6;0
2019-11-11 05:15;2;2;3;3;1
2019-11-11 05:30;0;9;14;5;1
2019-11-11 05:45;3;8;13;6;4
2019-11-11 06:00;0;11;18;18;3
2019-11-11 06:15;0;17;29;14;2
2019-11-11 06:30;0;25;42;33;9
2019-11-11 06:45;3;29;55;48;10
2019-11-11 07:00;4;23;64;35;5
2019-11-11 07:15;6;22;90;51;24
2019-11-11 07:30;7;41;104;73;32
2019-11-11 07:45;17;41;125;76;45
2019-11-11 08:00;25;45;159;59;38
2019-11-11 08:15;25;36;107;71;46
2019-11-11 08:30;26;54;113;79;65
2019-11-11 08:45;76;80;72;84;62
2019-11-11 09:00;77;74;2;82;41
2019-11-11 09:15;69;100;1;75;45
2019-11-11 09:30;65;81;1;72;41
2019-11-11 09:45;46;63;0;91;38
2019-11-11 10:00;34;74;0;70;31
2019-11-11 10:15;37;80;0;90;44
2019-11-11 10:30;29;78;0;75;31
2019-11-11 10:45;48;51;1;98;43
2019-11-11 11:00;33;64;1;86;38
2019-11-11 11:15;33;72;0;94;47
2019-11-11 11:30;42;67;0;86;48
2019-11-11 11:45;36;71;1;115;51
2019-11-11 12:00;49;62;0;92;60
2019-11-11 12:15;49;72;0;103;49
2019-11-11 12:30;44;45;27;104;49
2019-11-11 12:45;15;27;40;101;44
2019-11-11 13:00;11;34;46;91;52
2019-11-11 13:15;15;35;44;100;47
2019-11-11 13:30;7;32;35;90;39
2019-11-11 13:45;11;43;42;99;52
2019-11-11 14:00;9;30;37;119;47
2019-11-11 14:15;12;27;30;121;42
2019-11-11 14:30;11;37;47;110;60
2019-11-11 14:45;20;32;47;148;56
2019-11-11 15:00;15;38;46;111;83
2019-11-11 15:15;20;30;42;141;64
2019-11-11 15:30;14;36;53;136;72
2019-11-11 15:45;11;19;43;157;65
2019-11-11 16:00;19;41;45;167;70
2019-11-11 16:15;24;28;45;143;68
2019-11-11 16:30;20;26;46;146;80
2019-11-11 16:45;20;26;40;153;89
2019-11-11 17:00;25;25;46;190;88
2019-11-11 17:15;33;28;58;244;99
2019-11-11 17:30;32;33;46;189;107
2019-11-11 17:45;33;34;35;185;104
2019-11-11 18:00;29;34;34;196;96
2019-11-11 18:15;31;34;25;164;88
2019-11-11 18:30;24;22;28;139;99
2019-11-11 18:45;21;34;29;122;70
2019-11-11 19:00;21;21;26;105;57
2019-11-11 19:15;14;24;19;92;63
2019-11-11 19:30;16;20;24;85;55
2019-11-11 19:45;16;17;16;97;54
2019-11-11 20:00;9;17;10;62;21
2019-11-11 20:15;9;19;16;58;30
2019-11-11 20:30;9;16;11;65;26
2019-11-11 20:45;6;14;11;58;19
2019-11-11 21:00;8;13;9;44;19
2019-11-11 21:15;4;14;4;52;16
2019-11-11 21:30;2;13;11;36;25
2019-11-11 21:45;8;16;12;47;18
2019-11-11 22:00;2;14;15;44;14
2019-11-11 22:15;4;16;6;54;27
2019-11-11 22:30;2;9;4;50;17
2019-11-11 22:45;2;6;5;40;16
2019-11-11 23:00;2;7;5;18;9
2019-11-11 23:15;2;1;2;31;7
2019-11-11 23:30;1;7;3;24;6
2019-11-11 23:45;5;5;5;16;7
2019-11-12 00:00;2;1;1;13;5
2019-11-12 00:15;2;5;2;6;1
2019-11-12 00:30;0;1;0;7;2
2019-11-12 00:45;0;3;2;9;4
2019-11-12 01:00;2;4;1;9;3
2019-11-12 01:15;0;0;1;2;1
2019-11-12 01:30;2;2;0;5;1
2019-11-12 01:45;0;1;1;5;2
2019-11-12 02:00;0;1;0;5;0
2019-11-12 02:15;0;3;2;1;0
2019-11-12 02:30;0;1;1;1;1
2019-11-12 02:45;0;1;1;1;0
2019-11-12 03:00;0;0;0;1;0
2019-11-12 03:15;1;1;0;3;1
2019-11-12 03:30;0;1;1;1;0
2019-11-12 03:45;0;0;0;0;0
2019-11-12 04:00;0;1;1;1;0
2019-11-12 04:15;0;0;1;1;0
2019-11-12 04:30;1;3;0;4;2
2019-11-12 04:45;0;4;4;5;1
2019-11-12 05:00;1;1;1;1;0
2019-11-12 05:15;0;4;3;3;2
2019-11-12 05:30;0;4;9;6;2
2019-11-12 05:45;1;6;13;10;4
2019-11-12 06:00;0;17;10;20;5
2019-11-12 06:15;0;16;19;22;8
2019-11-12 06:30;0;24;48;33;6
2019-11-12 06:45;2;27;38;36;11
2019-11-12 07:00;5;27;79;41;10
2019-11-12 07:15;5;46;90;46;18
2019-11-12 07:30;7;52;104;67;36
2019-11-12 07:45;19;48;123;79;36
2019-11-12 08:00;19;66;159;64;51
2019-11-12 08:15;24;52;119;74;47
2019-11-12 08:30;18;61;129;99;75
2019-11-12 08:45;15;58;142;106;72
2019-11-12 09:00;9;70;136;79;65
2019-11-12 09:15;7;46;95;85;56
2019-11-12 09:30;11;71;96;101;55
2019-11-12 09:45;12;36;53;98;63
2019-11-12 10:00;9;33;56;94;52
2019-11-12 10:15;9;32;47;77;42
2019-11-12 10:30;4;38;40;105;47
2019-11-12 10:45;9;39;47;107;60
2019-11-12 11:00;10;33;35;110;50
2019-11-12 11:15;9;36;45;90;49
2019-11-12 11:30;10;28;47;96;49
2019-11-12 11:45;5;28;44;102;42
2019-11-12 12:00;11;42;33;94;61
2019-11-12 12:15;9;36;41;95;67
2019-11-12 12:30;15;34;43;87;47
2019-11-12 12:45;9;40;59;115;62
2019-11-12 13:00;9;37;39;112;64
2019-11-12 13:15;11;23;31;102;52
2019-11-12 13:30;4;39;33;106;45
2019-11-12 13:45;8;32;39;105;53
2019-11-12 14:00;8;35;38;123;53
2019-11-12 14:15;10;24;46;131;50
2019-11-12 14:30;16;41;60;119;56
2019-11-12 14:45;19;51;51;106;55
2019-11-12 15:00;9;24;48;114;53
2019-11-12 15:15;20;43;50;142;80
2019-11-12 15:30;10;34;42;151;74
2019-11-12 15:45;15;36;49;161;72
2019-11-12 16:00;17;40;36;163;78
2019-11-12 16:15;18;40;42;164;82
2019-11-12 16:30;18;27;50;170;97
2019-11-12 16:45;24;26;39;171;113
2019-11-12 17:00;25;31;29;198;98
2019-11-12 17:15;30;30;49;209;94
2019-11-12 17:30;27;27;36;181;102
2019-11-12 17:45;34;35;32;189;100
2019-11-12 18:00;23;34;27;213;127
2019-11-12 18:15;20;39;40;176;85
2019-11-12 18:30;13;31;33;141;80
2019-11-12 18:45;17;21;31;137;73
2019-11-12 19:00;8;29;27;113;71
2019-11-12 19:15;11;30;24;114;55
2019-11-12 19:30;18;25;25;90;35
2019-11-12 19:45;13;23;26;68;37
2019-11-12 20:00;7;18;11;69;33
2019-11-12 20:15;5;14;12;84;40
2019-11-12 20:30;5;16;13;48;23
2019-11-12 20:45;7;18;12;75;26
2019-11-12 21:00;1;15;14;52;33
2019-11-12 21:15;12;12;11;52;29
2019-11-12 21:30;7;17;12;67;24
2019-11-12 21:45;8;18;10;55;26
2019-11-12 22:00;6;16;8;79;24
2019-11-12 22:15;7;14;7;73;17
2019-11-12 22:30;5;23;14;62;27
2019-11-12 22:45;2;13;12;58;16
2019-11-12 23:00;5;6;3;44;8
2019-11-12 23:15;4;11;7;22;10
2019-11-12 23:30;2;3;1;31;9
2019-11-12 23:45;0;6;4;16;5
2019-11-13 00:00;0;4;2;15;5
2019-11-13 00:15;2;4;3;14;5
2019-11-13 00:30;0;1;0;5;5
2019-11-13 00:45;1;2;2;8;1
2019-11-13 01:00;1;2;2;6;3
2019-11-13 01:15;1;4;3;10;5
2019-11-13 01:30;0;2;1;3;2
2019-11-13 01:45;1;3;2;5;1
2019-11-13 02:00;1;3;2;1;4
2019-11-13 02:15;0;1;2;3;1
2019-11-13 02:30;1;0;1;2;1
2019-11-13 02:45;0;0;0;2;0
2019-11-13 03:00;0;0;0;4;2
2019-11-13 03:15;0;0;0;3;3
2019-11-13 03:30;0;1;1;2;1
2019-11-13 03:45;0;1;1;0;0
2019-11-13 04:00;1;1;0;2;0
2019-11-13 04:15;0;0;1;2;1
2019-11-13 04:30;0;1;1;2;1
2019-11-13 04:45;1;3;5;5;0
2019-11-13 05:00;0;4;3;8;3
2019-11-13 05:15;0;5;4;7;4
2019-11-13 05:30;1;10;10;6;0
2019-11-13 05:45;1;6;11;8;3
2019-11-13 06:00;0;15;11;20;8
2019-11-13 06:15;0;17;22;14;7
2019-11-13 06:30;0;28;38;35;11
2019-11-13 06:45;4;31;40;53;11
2019-11-13 07:00;2;29;50;45;15
2019-11-13 07:15;7;27;66;51;24
2019-11-13 07:30;15;41;89;64;33
2019-11-13 07:45;14;38;96;66;38
2019-11-13 08:00;18;40;142;68;50
2019-11-13 08:15;14;52;123;88;35
2019-11-13 08:30;19;50;102;97;63
2019-11-13 08:45;16;66;117;99;74
2019-11-13 09:00;12;54;83;96;57
2019-11-13 09:15;8;40;75;78;49
2019-11-13 09:30;5;39;52;80;51
2019-11-13 09:45;10;39;59;85;47
2019-11-13 10:00;6;31;47;74;50
2019-11-13 10:15;11;28;30;81;46
2019-11-13 10:30;10;25;40;101;56
2019-11-13 10:45;11;37;45;109;50
2019-11-13 11:00;9;36;45;88;56
2019-11-13 11:15;7;43;46;113;67
2019-11-13 11:30;8;35;33;96;58
2019-11-13 11:45;8;50;50;114;58
2019-11-13 12:00;16;31;45;97;49
2019-11-13 12:15;24;46;61;113;44
2019-11-13 12:30;12;27;44;113;56
2019-11-13 12:45;14;35;42;125;77
2019-11-13 13:00;14;53;56;107;69
2019-11-13 13:15;10;48;58;110;57
2019-11-13 13:30;13;42;59;104;66
2019-11-13 13:45;13;47;49;123;58
2019-11-13 14:00;13;41;49;101;46
2019-11-13 14:15;13;25;56;121;52
2019-11-13 14:30;12;44;60;109;55
2019-11-13 14:45;11;37;45;120;42
2019-11-13 15:00;6;39;37;132;80
2019-11-13 15:15;11;38;44;133;65
2019-11-13 15:30;21;32;62;121;90
2019-11-13 15:45;13;31;54;161;101
2019-11-13 16:00;20;38;40;167;84
2019-11-13 16:15;13;31;45;173;93
2019-11-13 16:30;20;37;38;140;74
2019-11-13 16:45;18;33;42;146;87
2019-11-13 17:00;21;31;43;174;93
2019-11-13 17:15;29;39;50;177;87
2019-11-13 17:30;29;37;33;191;109
2019-11-13 17:45;31;33;33;189;98
2019-11-13 18:00;15;31;32;150;97
2019-11-13 18:15;25;24;38;158;101
2019-11-13 18:30;16;31;27;142;76
2019-11-13 18:45;20;32;24;123;71
2019-11-13 19:00;22;25;24;92;72
2019-11-13 19:15;10;34;21;111;54
2019-11-13 19:30;13;25;21;88;57
2019-11-13 19:45;12;28;28;87;26
2019-11-13 20:00;10;13;16;77;21
2019-11-13 20:15;11;10;13;66;23
2019-11-13 20:30;12;13;16;76;24
2019-11-13 20:45;4;15;14;61;21
2019-11-13 21:00;4;19;15;59;18
2019-11-13 21:15;4;15;7;67;25
2019-11-13 21:30;8;14;16;52;26
2019-11-13 21:45;8;13;10;57;23
2019-11-13 22:00;3;7;18;71;24
2019-11-13 22:15;6;20;12;48;20
2019-11-13 22:30;5;6;5;58;26
2019-11-13 22:45;9;13;14;62;23
2019-11-13 23:00;6;10;11;48;12
2019-11-13 23:15;5;8;9;36;12
2019-11-13 23:30;2;8;5;18;14
2019-11-13 23:45;3;4;7;23;11
2019-11-14 00:00;0;7;5;21;13
2019-11-14 00:15;1;2;2;15;7
2019-11-14 00:30;0;2;1;9;2
2019-11-14 00:45;0;4;4;13;6
2019-11-14 01:00;3;2;0;9;4
2019-11-14 01:15;0;0;3;9;2
2019-11-14 01:30;1;0;1;5;3
2019-11-14 01:45;1;1;0;6;3
2019-11-14 02:00;0;0;3;1;0
2019-11-14 02:15;0;1;1;3;3
2019-11-14 02:30;0;0;0;6;1
2019-11-14 02:45;0;4;3;2;3
2019-11-14 03:00;0;1;0;0;0
2019-11-14 03:15;0;0;0;2;0
2019-11-14 03:30;0;0;0;2;1
2019-11-14 03:45;1;0;0;4;4
2019-11-14 04:00;0;2;3;4;1
2019-11-14 04:15;0;1;2;1;0
2019-11-14 04:30;0;2;2;1;0
2019-11-14 04:45;0;1;4;2;1
2019-11-14 05:00;0;3;1;8;5
2019-11-14 05:15;1;5;7;7;3
2019-11-14 05:30;1;7;10;9;1
2019-11-14 05:45;1;9;11;9;3
2019-11-14 06:00;0;13;10;15;6
2019-11-14 06:15;1;13;32;14;5
2019-11-14 06:30;0;16;34;35;9
2019-11-14 06:45;3;21;57;53;11
2019-11-14 07:00;1;24;58;36;12
2019-11-14 07:15;7;41;84;56;24
2019-11-14 07:30;11;42;91;54;18
2019-11-14 07:45;17;60;115;74;43
2019-11-14 08:00;22;50;141;76;53
2019-11-14 08:15;29;48;120;77;49
2019-11-14 08:30;17;59;121;96;53
2019-11-14 08:45;13;52;125;94;58
2019-11-14 09:00;9;48;125;71;51
2019-11-14 09:15;13;47;61;86;40
2019-11-14 09:30;12;39;55;68;52
2019-11-14 09:45;10;38;55;84;55
2019-11-14 10:00;7;33;47;83;53
2019-11-14 10:15;7;35;36;81;46
2019-11-14 10:30;5;29;43;104;49
2019-11-14 10:45;10;31;36;97;49
2019-11-14 11:00;12;31;43;104;57
2019-11-14 11:15;4;42;50;73;37
2019-11-14 11:30;5;47;34;85;43
2019-11-14 11:45;17;35;63;96;42
2019-11-14 12:00;15;32;50;101;59
2019-11-14 12:15;15;27;46;89;52
2019-11-14 12:30;5;26;45;85;36
2019-11-14 12:45;13;37;46;106;45
2019-11-14 13:00;9;39;31;107;51
2019-11-14 13:15;17;26;39;89;42
2019-11-14 13:30;10;28;42;91;41
2019-11-14 13:45;9;37;44;102;58
2019-11-14 14:00;12;38;56;95;43
2019-11-14 14:15;10;29;43;138;42
2019-11-14 14:30;15;20;49;137;59
2019-11-14 14:45;19;45;62;134;61
2019-11-14 15:00;12;39;44;120;59
2019-11-14 15:15;15;30;50;141;65
2019-11-14 15:30;17;31;33;130;58
2019-11-14 15:45;13;30;51;152;71
2019-11-14 16:00;15;38;40;156;76
2019-11-14 16:15;18;32;42;186;85
2019-11-14 16:30;23;32;36;151;94
2019-11-14 16:45;23;31;42;175;77
2019-11-14 17:00;29;36;51;188;80
2019-11-14 17:15;32;32;47;208;104
2019-11-14 17:30;41;33;50;173;87
2019-11-14 17:45;32;36;23;200;98
2019-11-14 18:00;22;27;24;165;96
2019-11-14 18:15;27;34;32;171;94
2019-11-14 18:30;22;31;27;134;77
2019-11-14 18:45;21;23;26;118;68
2019-11-14 19:00;17;35;25;111;70
2019-11-14 19:15;20;17;25;103;51
2019-11-14 19:30;16;21;27;98;34
2019-11-14 19:45;17;24;20;87;38
2019-11-14 20:00;15;24;17;91;38
2019-11-14 20:15;9;12;19;60;25
2019-11-14 20:30;13;17;15;59;34
2019-11-14 20:45;8;10;11;69;30
2019-11-14 21:00;6;16;15;61;33
2019-11-14 21:15;5;16;14;58;27
2019-11-14 21:30;6;13;13;67;25
2019-11-14 21:45;8;17;16;56;26
2019-11-14 22:00;11;19;11;55;21
2019-11-14 22:15;10;9;11;52;25
2019-11-14 22:30;7;9;10;76;28
2019-11-14 22:45;7;21;10;74;29
2019-11-14 23:00;9;10;5;46;20
2019-11-14 23:15;5;14;9;51;19
2019-11-14 23:30;5;17;9;37;19
2019-11-14 23:45;3;4;2;23;17
2019-11-15 00:00;3;4;5;17;5
2019-11-15 00:15;3;2;2;12;3
2019-11-15 00:30;2;1;2;8;9
2019-11-15 00:45;0;2;2;15;4
2019-11-15 01:00;4;5;6;1;2
2019-11-15 01:15;2;2;2;9;4
2019-11-15 01:30;1;2;2;8;2
2019-11-15 01:45;2;4;3;6;0
2019-11-15 02:00;1;1;0;4;2
2019-11-15 02:15;0;0;0;2;1
2019-11-15 02:30;1;2;1;3;0
2019-11-15 02:45;0;0;1;3;0
2019-11-15 03:00;1;1;0;3;1
2019-11-15 03:15;0;0;1;3;1
2019-11-15 03:30;1;1;2;1;2
2019-11-15 03:45;1;4;5;7;1
2019-11-15 04:00;0;1;1;3;1
2019-11-15 04:15;1;1;0;1;0
2019-11-15 04:30;0;1;1;1;1
2019-11-15 04:45;0;0;3;2;1
2019-11-15 05:00;0;6;3;8;1
2019-11-15 05:15;0;4;6;4;1
2019-11-15 05:30;1;6;7;6;2
2019-11-15 05:45;1;7;7;6;4
2019-11-15 06:00;0;7;12;10;3
2019-11-15 06:15;0;9;23;17;4
2019-11-15 06:30;1;15;27;28;9
2019-11-15 06:45;2;23;38;55;20
2019-11-15 07:00;1;25;45;30;10
2019-11-15 07:15;5;26;52;47;19
2019-11-15 07:30;8;34;60;64;28
2019-11-15 07:45;17;36;117;65;32
2019-11-15 08:00;18;46;100;73;38
2019-11-15 08:15;20;30;104;66;42
2019-11-15 08:30;16;47;109;112;42
2019-11-15 08:45;18;65;110;87;62
2019-11-15 09:00;14;43;83;82;58
2019-11-15 09:15;8;37;75;87;57
2019-11-15 09:30;13;36;57;82;49
2019-11-15 09:45;7;44;56;84;53
2019-11-15 10:00;3;38;57;69;42
2019-11-15 10:15;9;40;50;86;39
2019-11-15 10:30;12;30;53;100;36
2019-11-15 10:45;7;49;46;96;53
2019-11-15 11:00;14;41;48;99;41
2019-11-15 11:15;11;41;50;94;56
2019-11-15 11:30;14;39;47;99;57
2019-11-15 11:45;10;35;43;95;42
2019-11-15 12:00;11;31;37;107;73
2019-11-15 12:15;17;35;51;122;42
2019-11-15 12:30;8;37;38;105;53
2019-11-15 12:45;17;24;57;105;61
2019-11-15 13:00;16;41;54;106;55
2019-11-15 13:15;20;26;52;125;58
2019-11-15 13:30;16;36;58;92;56
2019-11-15 13:45;17;34;45;121;64
2019-11-15 14:00;18;42;47;123;50
2019-11-15 14:15;12;34;48;109;55
2019-11-15 14:30;12;32;47;133;52
2019-11-15 14:45;21;37;55;138;49
2019-11-15 15:00;15;43;54;135;67
2019-11-15 15:15;11;31;60;136;88
2019-11-15 15:30;21;40;47;154;89
2019-11-15 15:45;19;44;71;129;79
2019-11-15 16:00;21;29;42;141;84
2019-11-15 16:15;18;32;50;159;83
2019-11-15 16:30;22;41;43;132;73
2019-11-15 16:45;18;37;43;173;78
2019-11-15 17:00;15;40;49;167;105
2019-11-15 17:15;26;35;38;172;77
2019-11-15 17:30;20;25;42;160;106
2019-11-15 17:45;30;27;40;173;91
2019-11-15 18:00;24;38;41;171;102
2019-11-15 18:15;13;27;39;145;81
2019-11-15 18:30;22;39;40;120;64
2019-11-15 18:45;15;28;32;123;61
2019-11-15 19:00;13;35;24;100;51
2019-11-15 19:15;11;24;17;93;45
2019-11-15 19:30;9;29;20;80;41
2019-11-15 19:45;11;21;21;89;35
2019-11-15 20:00;7;21;17;60;26
2019-11-15 20:15;13;20;14;55;20
2019-11-15 20:30;5;14;14;72;22
2019-11-15 20:45;6;12;10;52;19
2019-11-15 21:00;3;14;11;46;24
2019-11-15 21:15;9;9;10;48;16
2019-11-15 21:30;8;13;9;55;15
2019-11-15 21:45;8;10;13;40;12
2019-11-15 22:00;2;9;9;55;16
2019-11-15 22:15;2;13;9;48;25
2019-11-15 22:30;10;13;10;58;14
2019-11-15 22:45;6;19;12;46;22
2019-11-15 23:00;3;17;8;51;24
2019-11-15 23:15;6;9;5;39;14
2019-11-15 23:30;5;13;9;47;17
2019-11-15 23:45;6;6;9;33;17
2019-11-16 00:00;7;8;5;26;14
2019-11-16 00:15;5;9;5;31;14
2019-11-16 00:30;2;10;7;32;4
2019-11-16 00:45;1;8;5;24;13
2019-11-16 01:00;5;5;5;19;6
2019-11-16 01:15;2;6;3;14;9
2019-11-16 01:30;2;6;6;8;6
2019-11-16 01:45;4;2;3;15;5
2019-11-16 02:00;0;5;3;16;7
2019-11-16 02:15;1;4;3;7;1
2019-11-16 02:30;2;5;3;14;5
2019-11-16 02:45;1;3;1;11;8
2019-11-16 03:00;3;2;1;7;4
2019-11-16 03:15;0;6;2;12;3
2019-11-16 03:30;1;2;2;8;5
2019-11-16 03:45;0;4;1;6;3
2019-11-16 04:00;0;2;0;12;5
2019-11-16 04:15;0;0;0;5;1
2019-11-16 04:30;1;1;1;1;0
2019-11-16 04:45;1;4;5;3;1
2019-11-16 05:00;0;2;2;6;1
2019-11-16 05:15;0;3;3;6;1
2019-11-16 05:30;0;7;8;7;4
2019-11-16 05:45;0;3;4;7;4
2019-11-16 06:00;0;4;4;11;1
2019-11-16 06:15;0;1;5;6;2
2019-11-16 06:30;0;7;11;18;5
2019-11-16 06:45;4;2;3;12;3
2019-11-16 07:00;2;7;4;10;5
2019-11-16 07:15;0;6;13;15;4
2019-11-16 07:30;1;15;22;27;7
2019-11-16 07:45;2;13;25;21;9
2019-11-16 08:00;0;18;23;24;14
2019-11-16 08:15;2;12;19;18;21
2019-11-16 08:30;3;22;28;30;16
2019-11-16 08:45;4;19;28;44;29
2019-11-16 09:00;7;24;30;62;15
2019-11-16 09:15;3;19;31;41;27
2019-11-16 09:30;3;28;37;67;30
2019-11-16 09:45;2;31;37;86;32
2019-11-16 10:00;17;30;36;84;35
2019-11-16 10:15;11;29;29;88;46
2019-11-16 10:30;13;27;32;72;40
2019-11-16 10:45;11;39;38;94;32
2019-11-16 11:00;8;32;35;84;47
2019-11-16 11:15;13;31;39;92;44
2019-11-16 11:30;9;23;35;105;52
2019-11-16 11:45;12;22;44;106;50
2019-11-16 12:00;10;48;38;103;59
2019-11-16 12:15;10;32;47;82;59
2019-11-16 12:30;10;41;37;109;54
2019-11-16 12:45;10;25;32;118;46
2019-11-16 13:00;9;19;26;121;62
2019-11-16 13:15;8;24;30;125;60
2019-11-16 13:30;13;33;48;123;66
2019-11-16 13:45;10;22;25;123;59
2019-11-16 14:00;12;53;54;119;66
2019-11-16 14:15;22;35;16;101;86
2019-11-16 14:30;16;40;29;118;62
2019-11-16 14:45;12;25;47;99;60
2019-11-16 15:00;12;38;31;96;45
2019-11-16 15:15;15;41;27;111;42
2019-11-16 15:30;9;26;22;117;60
2019-11-16 15:45;19;31;39;121;57
2019-11-16 16:00;17;24;37;109;56
2019-11-16 16:15;12;41;54;147;81
2019-11-16 16:30;10;28;44;139;49
2019-11-16 16:45;15;33;40;115;60
2019-11-16 17:00;16;24;41;116;63
2019-11-16 17:15;13;28;36;110;55
2019-11-16 17:30;12;32;37;122;59
2019-11-16 17:45;7;27;27;116;75
2019-11-16 18:00;14;33;15;112;45
2019-11-16 18:15;11;33;26;94;48
2019-11-16 18:30;10;27;20;88;42
2019-11-16 18:45;7;18;18;69;30
2019-11-16 19:00;8;26;21;79;40
2019-11-16 19:15;10;21;16;66;27
2019-11-16 19:30;6;18;11;73;39
2019-11-16 19:45;12;18;20;55;24
2019-11-16 20:00;6;16;15;61;30
2019-11-16 20:15;6;17;17;66;29
2019-11-16 20:30;8;22;19;47;21
2019-11-16 20:45;3;12;9;49;22
2019-11-16 21:00;6;15;11;53;25
2019-11-16 21:15;6;19;12;52;23
2019-11-16 21:30;6;17;13;58;22
2019-11-16 21:45;5;16;17;36;10
2019-11-16 22:00;7;14;15;38;12
2019-11-16 22:15;4;13;6;43;17
2019-11-16 22:30;7;12;17;57;25
2019-11-16 22:45;9;25;24;56;24
2019-11-16 23:00;3;18;21;49;21
2019-11-16 23:15;10;16;5;47;20
2019-11-16 23:30;1;12;8;57;12
2019-11-16 23:45;5;9;10;32;16
2019-11-17 00:00;4;4;8;41;17
2019-11-17 00:15;6;10;10;24;14
2019-11-17 00:30;3;10;2;29;11
2019-11-17 00:45;7;13;11;34;9
2019-11-17 01:00;5;16;5;24;10
2019-11-17 01:15;3;4;5;27;7
2019-11-17 01:30;6;5;6;24;6
2019-11-17 01:45;2;8;6;23;11
2019-11-17 02:00;2;6;3;15;7
2019-11-17 02:15;0;4;3;14;5
2019-11-17 02:30;3;3;4;17;7
2019-11-17 02:45;2;1;0;11;2
2019-11-17 03:00;0;2;3;11;6
2019-11-17 03:15;2;2;3;8;3
2019-11-17 03:30;2;2;1;12;3
2019-11-17 03:45;2;1;1;10;0
2019-11-17 04:00;0;2;0;18;2
2019-11-17 04:15;2;3;3;4;1
2019-11-17 04:30;0;2;2;7;2
2019-11-17 04:45;4;2;3;5;2
2019-11-17 05:00;0;0;0;6;3
2019-11-17 05:15;0;0;1;2;1
2019-11-17 05:30;0;5;4;4;1
2019-11-17 05:45;2;2;1;4;1
2019-11-17 06:00;0;3;3;2;0
2019-11-17 06:15;0;4;5;8;2
2019-11-17 06:30;1;3;7;12;3
2019-11-17 06:45;0;3;4;11;5
2019-11-17 07:00;0;2;3;10;6
2019-11-17 07:15;0;5;8;15;2
2019-11-17 07:30;3;3;3;9;4
2019-11-17 07:45;0;3;4;10;7
2019-11-17 08:00;0;5;5;11;4
2019-11-17 08:15;0;13;14;13;7
2019-11-17 08:30;0;9;6;14;4
2019-11-17 08:45;2;14;14;17;13
2019-11-17 09:00;2;7;14;19;15
2019-11-17 09:15;2;21;12;25;12
2019-11-17 09:30;2;6;15;33;16
2019-11-17 09:45;7;15;26;59;24
2019-11-17 10:00;3;22;25;52;24
2019-11-17 10:15;4;18;28;51;25
2019-11-17 10:30;8;20;29;48;25
2019-11-17 10:45;7;29;44;63;29
2019-11-17 11:00;7;31;29;63;24
2019-11-17 11:15;9;27;28;53;27
2019-11-17 11:30;7;31;24;69;30
2019-11-17 11:45;11;32;38;70;25
2019-11-17 12:00;7;27;24;82;37
2019-11-17 12:15;9;25;25;82;53
2019-11-17 12:30;9;39;34;79;33
2019-11-17 12:45;5;36;48;86;40
2019-11-17 13:00;13;38;37;94;43
2019-11-17 13:15;8;39;35;105;33
2019-11-17 13:30;10;30;36;106;43
2019-11-17 13:45;14;34;24;95;40
2019-11-17 14:00;7;33;39;122;51
2019-11-17 14:15;11;34;30;106;42
2019-11-17 14:30;14;28;35;105;44
2019-11-17 14:45;10;31;28;97;45
2019-11-17 15:00;10;31;31;109;64
2019-11-17 15:15;12;31;41;106;32
2019-11-17 15:30;8;33;31;120;61
2019-11-17 15:45;6;30;34;112;53
2019-11-17 16:00;8;30;25;109;53
2019-11-17 16:15;16;34;19;100;51
2019-11-17 16:30;11;33;29;98;47
2019-11-17 16:45;7;26;33;104;59
2019-11-17 17:00;11;33;47;95;36
2019-11-17 17:15;14;30;28;117;48
2019-11-17 17:30;8;38;22;96;51
2019-11-17 17:45;9;27;18;103;45
2019-11-17 18:00;10;22;29;89;51
2019-11-17 18:15;11;40;35;73;36
2019-11-17 18:30;11;20;17;72;37
2019-11-17 18:45;8;18;18;63;23
2019-11-17 19:00;12;14;10;82;27
2019-11-17 19:15;8;22;22;63;30
2019-11-17 19:30;4;27;23;78;31
2019-11-17 19:45;5;12;11;49;17
2019-11-17 20:00;7;22;21;67;20
2019-11-17 20:15;2;22;19;47;23
2019-11-17 20:30;5;13;18;55;22
2019-11-17 20:45;8;14;7;59;19
2019-11-17 21:00;4;17;15;57;20
2019-11-17 21:15;5;11;10;45;17
2019-11-17 21:30;7;10;10;42;14
2019-11-17 21:45;4;15;11;32;13
2019-11-17 22:00;4;5;13;36;21
2019-11-17 22:15;6;11;9;38;20
2019-11-17 22:30;6;5;6;32;18
2019-11-17 22:45;5;13;3;40;16
2019-11-17 23:00;8;1;0;26;7
2019-11-17 23:15;2;7;7;28;16
2019-11-17 23:30;2;3;2;16;3
2019-11-17 23:45;1;5;3;24;4
2019-11-18 00:00;0;3;1;12;2
2019-11-18 00:15;0;2;2;5;0
2019-11-18 00:30;2;2;2;9;3
2019-11-18 00:45;0;1;2;5;4
2019-11-18 01:00;0;2;3;6;4
2019-11-18 01:15;0;2;2;3;2
2019-11-18 01:30;1;0;0;4;3
2019-11-18 01:45;1;1;0;3;4
2019-11-18 02:00;0;2;0;3;2
2019-11-18 02:15;0;1;0;3;1
2019-11-18 02:30;1;0;0;1;1
2019-11-18 02:45;1;2;1;1;0
2019-11-18 03:00;0;1;0;1;0
2019-11-18 03:15;1;1;1;4;1
2019-11-18 03:30;0;1;0;5;1
2019-11-18 03:45;0;1;0;1;1
2019-11-18 04:00;0;0;1;0;1
2019-11-18 04:15;0;0;0;0;0
2019-11-18 04:30;0;0;0;1;1
2019-11-18 04:45;0;2;5;3;0
2019-11-18 05:00;1;5;6;3;0
2019-11-18 05:15;0;4;6;5;1
2019-11-18 05:30;1;8;13;8;2
2019-11-18 05:45;1;6;13;10;1
2019-11-18 06:00;0;15;14;22;5
2019-11-18 06:15;3;14;21;19;4
2019-11-18 06:30;0;23;44;36;5
2019-11-18 06:45;4;26;41;52;17
2019-11-18 07:00;2;35;51;51;15
2019-11-18 07:15;5;35;81;54;18
2019-11-18 07:30;8;33;87;61;25
2019-11-18 07:45;13;60;122;78;40
2019-11-18 08:00;15;47;146;71;37
2019-11-18 08:15;21;43;124;66;47
2019-11-18 08:30;11;54;131;107;57
2019-11-18 08:45;19;57;115;84;67
2019-11-18 09:00;14;40;111;65;51
2019-11-18 09:15;8;38;62;81;58
2019-11-18 09:30;7;31;45;72;43
2019-11-18 09:45;9;36;51;77;43
2019-11-18 10:00;8;32;41;76;28
2019-11-18 10:15;7;42;35;77;54
2019-11-18 10:30;6;30;37;84;47
2019-11-18 10:45;5;34;39;92;38
2019-11-18 11:00;5;35;45;80;41
2019-11-18 11:15;10;35;31;86;49
2019-11-18 11:30;6;32;45;88;44
2019-11-18 11:45;16;35;32;85;44
2019-11-18 12:00;16;36;36;102;41
2019-11-18 12:15;9;27;40;89;50
2019-11-18 12:30;8;29;27;98;48
2019-11-18 12:45;15;36;42;97;40
2019-11-18 13:00;11;30;49;75;55
2019-11-18 13:15;15;25;25;76;51
2019-11-18 13:30;2;27;31;93;42
2019-11-18 13:45;9;31;41;104;31
2019-11-18 14:00;14;35;39;115;40
2019-11-18 14:15;10;35;42;102;41
2019-11-18 14:30;19;40;38;128;61
2019-11-18 14:45;12;32;40;128;52
2019-11-18 15:00;13;31;47;135;61
2019-11-18 15:15;15;34;51;125;62
2019-11-18 15:30;17;36;46;138;74
2019-11-18 15:45;16;23;53;131;85
2019-11-18 16:00;14;23;47;166;88
2019-11-18 16:15;26;31;38;170;74
2019-11-18 16:30;13;21;44;137;76
2019-11-18 16:45;23;29;41;163;83
2019-11-18 17:00;23;27;31;192;96
2019-11-18 17:15;29;36;53;216;111
2019-11-18 17:30;32;26;56;200;116
2019-11-18 17:45;27;34;34;198;108
2019-11-18 18:00;27;20;33;201;103
2019-11-18 18:15;19;33;40;156;84
2019-11-18 18:30;20;27;25;149;64
2019-11-18 18:45;18;30;29;116;61
2019-11-18 19:00;14;15;10;117;65
2019-11-18 19:15;21;16;26;78;41
2019-11-18 19:30;13;21;20;116;43
2019-11-18 19:45;11;18;28;105;50
2019-11-18 20:00;8;21;25;62;23
2019-11-18 20:15;4;15;15;73;14
2019-11-18 20:30;7;10;11;65;27
2019-11-18 20:45;11;18;14;57;24
2019-11-18 21:00;4;16;13;43;18
2019-11-18 21:15;11;10;15;51;25
2019-11-18 21:30;5;13;11;41;22
2019-11-18 21:45;7;21;10;63;21
2019-11-18 22:00;7;16;11;55;14
2019-11-18 22:15;7;10;11;52;24
2019-11-18 22:30;8;10;12;42;19
2019-11-18 22:45;3;9;10;33;11
2019-11-18 23:00;5;15;9;32;12
2019-11-18 23:15;3;6;8;26;10
2019-11-18 23:30;3;2;2;19;11
2019-11-18 23:45;3;4;2;12;9
2019-11-19 00:00;0;3;3;9;2
2019-11-19 00:15;3;1;2;7;1
2019-11-19 00:30;1;1;1;7;3
2019-11-19 00:45;3;3;2;13;2
2019-11-19 01:00;0;4;2;2;1
2019-11-19 01:15;1;0;1;5;1
2019-11-19 01:30;1;0;0;7;2
2019-11-19 01:45;1;3;1;4;5
2019-11-19 02:00;0;0;0;2;1
2019-11-19 02:15;0;2;1;4;2
2019-11-19 02:30;0;0;0;5;2
2019-11-19 02:45;0;0;0;6;0
2019-11-19 03:00;2;1;0;3;2
2019-11-19 03:15;1;2;2;1;0
2019-11-19 03:30;1;3;4;4;2
2019-11-19 03:45;0;1;0;4;2
2019-11-19 04:00;0;1;0;5;3
2019-11-19 04:15;0;0;0;2;1
2019-11-19 04:30;0;1;1;2;0
2019-11-19 04:45;0;0;3;1;0
2019-11-19 05:00;1;4;4;7;1
2019-11-19 05:15;0;6;5;4;4
2019-11-19 05:30;1;10;5;6;1
2019-11-19 05:45;1;11;13;4;2
2019-11-19 06:00;0;17;15;13;4
2019-11-19 06:15;3;17;21;15;7
2019-11-19 06:30;0;26;30;38;11
2019-11-19 06:45;5;26;44;50;11
2019-11-19 07:00;1;31;62;53;14
2019-11-19 07:15;5;33;80;47;32
2019-11-19 07:30;9;37;107;63;26
2019-11-19 07:45;19;53;119;69;35
2019-11-19 08:00;15;47;148;65;47
2019-11-19 08:15;29;53;101;84;40
2019-11-19 08:30;19;54;119;74;49
2019-11-19 08:45;14;37;126;95;52
2019-11-19 09:00;7;51;94;60;43
2019-11-19 09:15;16;44;88;75;46
2019-11-19 09:30;10;34;67;72;38
2019-11-19 09:45;11;40;53;71;52
2019-11-19 10:00;10;42;46;85;46
2019-11-19 10:15;7;31;40;103;35
2019-11-19 10:30;12;31;31;98;43
2019-11-19 10:45;4;21;37;98;44
2019-11-19 11:00;4;38;38;94;47
2019-11-19 11:15;10;28;31;101;43
2019-11-19 11:30;7;30;35;93;33
2019-11-19 11:45;6;29;59;88;47
2019-11-19 12:00;13;36;42;102;50
2019-11-19 12:15;14;27;29;91;45
2019-11-19 12:30;17;29;44;111;45
2019-11-19 12:45;9;30;43;110;48
2019-11-19 13:00;10;39;34;94;46
2019-11-19 13:15;11;35;44;94;55
2019-11-19 13:30;18;31;29;118;42
2019-11-19 13:45;9;35;31;105;60
2019-11-19 14:00;9;33;46;97;54
2019-11-19 14:15;16;32;53;127;60
2019-11-19 14:30;13;36;43;127;49
2019-11-19 14:45;22;45;50;97;56
2019-11-19 15:00;22;41;46;132;76
2019-11-19 15:15;19;35;49;135;77
2019-11-19 15:30;17;33;52;141;63
2019-11-19 15:45;18;39;43;146;76
2019-11-19 16:00;16;22;38;140;78
2019-11-19 16:15;28;31;46;160;77
2019-11-19 16:30;20;41;38;164;84
2019-11-19 16:45;32;18;50;157;71
2019-11-19 17:00;20;29;37;204;92
2019-11-19 17:15;30;38;51;201;112
2019-11-19 17:30;26;33;25;192;92
2019-11-19 17:45;29;33;36;177;96
2019-11-19 18:00;36;28;29;205;81
2019-11-19 18:15;30;42;39;148;89
2019-11-19 18:30;28;31;32;150;93
2019-11-19 18:45;25;29;35;107;71
2019-11-19 19:00;26;23;24;91;45
2019-11-19 19:15;9;30;33;126;18
2019-11-19 19:30;12;23;13;123;0
2019-11-19 19:45;9;24;25;131;0
2019-11-19 20:00;14;16;17;87;1
2019-11-19 20:15;8;17;17;102;0
2019-11-19 20:30;6;15;15;81;0
2019-11-19 20:45;11;12;15;86;11
2019-11-19 21:00;10;11;17;77;17
2019-11-19 21:15;11;8;11;67;18
2019-11-19 21:30;8;5;8;76;12
2019-11-19 21:45;3;12;6;79;10
2019-11-19 22:00;5;10;12;62;11
2019-11-19 22:15;9;15;17;68;16
2019-11-19 22:30;7;11;11;65;12
2019-11-19 22:45;7;12;11;68;12
2019-11-19 23:00;8;8;5;53;11
2019-11-19 23:15;4;6;4;45;12
2019-11-19 23:30;8;6;3;33;7
2019-11-19 23:45;1;8;2;30;4
2019-11-20 00:00;1;3;3;24;4
2019-11-20 00:15;0;3;4;28;6
2019-11-20 00:30;2;0;0;20;2
2019-11-20 00:45;1;3;1;11;0
2019-11-20 01:00;1;1;0;15;0
2019-11-20 01:15;2;1;1;6;0
2019-11-20 01:30;2;3;1;10;3
2019-11-20 01:45;0;0;1;4;2
2019-11-20 02:00;0;2;0;4;0
2019-11-20 02:15;0;1;0;7;0
2019-11-20 02:30;0;1;2;4;1
2019-11-20 02:45;1;1;0;1;1
2019-11-20 03:00;0;1;1;5;1
2019-11-20 03:15;1;2;1;4;3
2019-11-20 03:30;1;3;2;3;0
2019-11-20 03:45;0;2;0;5;1
2019-11-20 04:00;0;1;1;1;2
2019-11-20 04:15;0;0;0;0;0
2019-11-20 04:30;3;0;2;3;1
2019-11-20 04:45;3;0;0;6;1
2019-11-20 05:00;0;5;3;5;1
2019-11-20 05:15;0;5;5;7;4
2019-11-20 05:30;0;5;7;5;1
2019-11-20 05:45;2;6;10;4;3
2019-11-20 06:00;0;11;9;18;10
2019-11-20 06:15;0;13;21;14;6
2019-11-20 06:30;0;23;30;33;10
2019-11-20 06:45;2;28;50;60;15
2019-11-20 07:00;4;30;52;33;14
2019-11-20 07:15;7;26;59;38;21
2019-11-20 07:30;10;34;81;57;28
2019-11-20 07:45;14;48;115;48;31
2019-11-20 08:00;15;47;108;76;34
2019-11-20 08:15;25;44;114;86;36
2019-11-20 08:30;16;47;91;99;63
2019-11-20 08:45;20;48;120;96;58
2019-11-20 09:00;8;47;111;63;40
2019-11-20 09:15;7;46;55;69;38
2019-11-20 09:30;9;31;61;85;43
2019-11-20 09:45;13;41;49;74;53
2019-11-20 10:00;10;46;49;97;46
2019-11-20 10:15;11;44;43;87;37
2019-11-20 10:30;8;30;58;106;55
2019-11-20 10:45;9;37;47;105;43
2019-11-20 11:00;10;30;38;97;48
2019-11-20 11:15;14;24;44;80;40
2019-11-20 11:30;9;31;37;89;49
2019-11-20 11:45;15;39;43;86;41
2019-11-20 12:00;16;41;47;111;62
2019-11-20 12:15;11;41;53;104;41
2019-11-20 12:30;13;38;51;111;49
2019-11-20 12:45;18;44;41;117;58
2019-11-20 13:00;17;45;45;106;46
2019-11-20 13:15;15;31;34;97;52
2019-11-20 13:30;14;23;50;93;46
2019-11-20 13:45;16;30;54;135;54
2019-11-20 14:00;13;26;36;119;56
2019-11-20 14:15;15;32;58;107;48
2019-11-20 14:30;16;41;40;111;44
2019-11-20 14:45;11;24;50;114;55
2019-11-20 15:00;19;33;42;126;59
2019-11-20 15:15;16;31;39;122;66
2019-11-20 15:30;15;27;50;149;77
2019-11-20 15:45;21;31;52;140;78
2019-11-20 16:00;17;31;46;170;93
2019-11-20 16:15;24;33;40;149;79
2019-11-20 16:30;19;42;45;157;82
2019-11-20 16:45;28;29;44;168;79
2019-11-20 17:00;24;15;47;174;76
2019-11-20 17:15;28;24;39;180;105
2019-11-20 17:30;28;32;42;192;97
2019-11-20 17:45;27;28;29;203;99
2019-11-20 18:00;32;29;35;185;110
2019-11-20 18:15;25;33;26;151;101
2019-11-20 18:30;21;22;28;134;66
2019-11-20 18:45;18;30;33;116;64
2019-11-20 19:00;11;26;30;92;50
2019-11-20 19:15;25;27;22;144;16
2019-11-20 19:30;27;32;24;137;6
2019-11-20 19:45;24;24;18;144;11
2019-11-20 20:00;17;22;14;97;11
2019-11-20 20:15;22;23;18;85;3
2019-11-20 20:30;13;19;13;81;4
2019-11-20 20:45;13;13;7;82;5
2019-11-20 21:00;18;15;9;67;1
2019-11-20 21:15;14;15;13;74;1
2019-11-20 21:30;18;15;13;83;4
2019-11-20 21:45;21;11;8;70;1
2019-11-20 22:00;10;22;15;75;6
2019-11-20 22:15;16;19;9;85;8
2019-11-20 22:30;15;12;8;74;7
2019-11-20 22:45;10;11;4;58;11
2019-11-20 23:00;9;10;8;43;17
2019-11-20 23:15;7;9;1;31;14
2019-11-20 23:30;4;4;7;23;3
2019-11-20 23:45;7;4;5;31;7
2019-11-21 00:00;6;2;3;21;6
2019-11-21 00:15;3;2;1;16;4
2019-11-21 00:30;3;3;1;7;3
2019-11-21 00:45;2;2;2;11;4
2019-11-21 01:00;2;5;2;7;2
2019-11-21 01:15;2;1;1;10;1
2019-11-21 01:30;3;4;3;10;4
2019-11-21 01:45;1;0;1;8;2
2019-11-21 02:00;0;1;1;12;1
2019-11-21 02:15;2;1;1;6;1
2019-11-21 02:30;3;1;0;4;0
2019-11-21 02:45;1;0;0;2;0
2019-11-21 03:00;2;0;0;4;1
2019-11-21 03:15;2;3;3;3;3
2019-11-21 03:30;0;2;2;1;0
2019-11-21 03:45;0;1;0;2;0
2019-11-21 04:00;1;1;0;0;1
2019-11-21 04:15;0;2;1;1;0
2019-11-21 04:30;1;0;1;6;1
2019-11-21 04:45;1;1;2;4;0
2019-11-21 05:00;2;4;5;2;0
2019-11-21 05:15;0;3;2;4;2
2019-11-21 05:30;0;5;7;4;0
2019-11-21 05:45;1;10;11;6;4
2019-11-21 06:00;1;14;17;12;3
2019-11-21 06:15;1;13;21;18;1
2019-11-21 06:30;0;17;36;34;6
2019-11-21 06:45;2;27;43;47;10
2019-11-21 07:00;2;32;60;40;12
2019-11-21 07:15;4;27;87;52;27
2019-11-21 07:30;11;39;96;58;33
2019-11-21 07:45;16;52;88;65;40
2019-11-21 08:00;16;52;140;69;48
2019-11-21 08:15;37;42;107;91;44
2019-11-21 08:30;16;50;131;86;41
2019-11-21 08:45;12;55;113;92;47
2019-11-21 09:00;16;48;121;60;57
2019-11-21 09:15;6;33;61;85;43
2019-11-21 09:30;13;40;58;88;51
2019-11-21 09:45;11;41;54;95;59
2019-11-21 10:00;9;33;33;76;43
2019-11-21 10:15;6;38;43;71;38
2019-11-21 10:30;11;33;48;97;47
2019-11-21 10:45;10;32;48;78;49
2019-11-21 11:00;5;37;41;94;55
2019-11-21 11:15;9;34;42;109;46
2019-11-21 11:30;16;26;46;78;33
2019-11-21 11:45;14;37;38;94;48
2019-11-21 12:00;10;42;48;120;42
2019-11-21 12:15;10;38;41;90;63
2019-11-21 12:30;14;38;33;93;42
2019-11-21 12:45;14;33;40;108;50
2019-11-21 13:00;9;33;42;96;48
2019-11-21 13:15;11;33;57;116;62
2019-11-21 13:30;8;33;45;86;59
2019-11-21 13:45;16;23;31;125;49
2019-11-21 14:00;15;37;50;128;64
2019-11-21 14:15;9;32;39;122;33
2019-11-21 14:30;17;43;62;131;58
2019-11-21 14:45;19;32;45;130;57
2019-11-21 15:00;13;44;64;137;68
2019-11-21 15:15;16;35;52;126;65
2019-11-21 15:30;19;34;47;122;81
2019-11-21 15:45;10;25;40;169;86
2019-11-21 16:00;22;44;51;150;89
2019-11-21 16:15;21;42;49;140;72
2019-11-21 16:30;19;33;46;175;88
2019-11-21 16:45;25;36;44;147;96
2019-11-21 17:00;31;37;42;175;83
2019-11-21 17:15;28;21;46;192;102
2019-11-21 17:30;32;32;42;185;110
2019-11-21 17:45;24;37;38;152;94
2019-11-21 18:00;28;21;25;168;79
2019-11-21 18:15;21;29;26;178;92
2019-11-21 18:30;19;29;20;150;101
2019-11-21 18:45;20;23;28;142;64
2019-11-21 19:00;22;26;35;123;67
2019-11-21 19:15;13;25;29;111;54
2019-11-21 19:30;17;24;17;86;41
2019-11-21 19:45;15;25;17;85;48
2019-11-21 20:00;9;19;17;62;42
2019-11-21 20:15;12;20;18;70;38
2019-11-21 20:30;10;18;14;62;29
2019-11-21 20:45;6;13;12;52;25
2019-11-21 21:00;6;16;20;61;27
2019-11-21 21:15;10;19;9;70;21
2019-11-21 21:30;6;16;12;60;19
2019-11-21 21:45;12;12;13;52;26
2019-11-21 22:00;12;18;10;65;26
2019-11-21 22:15;10;18;15;59;30
2019-11-21 22:30;11;11;10;64;27
2019-11-21 22:45;10;10;7;53;24
2019-11-21 23:00;7;7;7;51;18
2019-11-21 23:15;7;12;6;36;24
2019-11-21 23:30;3;4;4;26;16
2019-11-21 23:45;7;10;3;19;12
2019-11-22 00:00;1;5;5;30;9
2019-11-22 00:15;3;9;6;25;8
2019-11-22 00:30;2;3;2;13;8
2019-11-22 00:45;3;4;2;10;5
2019-11-22 01:00;4;1;3;8;1
2019-11-22 01:15;4;2;3;8;1
2019-11-22 01:30;3;1;1;8;1
2019-11-22 01:45;3;1;3;8;2
2019-11-22 02:00;0;2;2;0;0
2019-11-22 02:15;3;1;0;8;3
2019-11-22 02:30;0;1;0;5;1
2019-11-22 02:45;0;1;1;1;1
2019-11-22 03:00;2;1;1;2;1
2019-11-22 03:15;0;2;1;6;4
2019-11-22 03:30;0;3;1;2;1
2019-11-22 03:45;0;1;2;4;1
2019-11-22 04:00;1;4;4;3;3
2019-11-22 04:15;1;1;1;2;0
2019-11-22 04:30;0;2;2;1;0
2019-11-22 04:45;0;1;0;4;0
2019-11-22 05:00;0;4;3;3;0
2019-11-22 05:15;1;9;7;8;4
2019-11-22 05:30;0;8;11;9;0
2019-11-22 05:45;1;2;8;8;2
2019-11-22 06:00;1;13;12;16;3
2019-11-22 06:15;2;8;20;18;8
2019-11-22 06:30;2;12;18;38;11
2019-11-22 06:45;3;21;41;42;7
2019-11-22 07:00;4;22;45;32;12
2019-11-22 07:15;3;31;55;41;21
2019-11-22 07:30;8;28;78;66;30
2019-11-22 07:45;17;42;103;59;38
2019-11-22 08:00;16;50;119;77;40
2019-11-22 08:15;17;41;99;78;49
2019-11-22 08:30;16;39;105;86;54
2019-11-22 08:45;12;49;94;92;70
2019-11-22 09:00;14;49;86;75;52
2019-11-22 09:15;12;49;78;97;47
2019-11-22 09:30;12;42;56;70;60
2019-11-22 09:45;5;53;52;103;52
2019-11-22 10:00;9;44;42;82;50
2019-11-22 10:15;9;41;57;83;33
2019-11-22 10:30;15;36;57;93;45
2019-11-22 10:45;16;38;42;100;58
2019-11-22 11:00;13;32;49;104;47
2019-11-22 11:15;13;34;40;101;37
2019-11-22 11:30;9;40;54;107;41
2019-11-22 11:45;14;32;52;119;60
2019-11-22 12:00;12;40;35;91;55
2019-11-22 12:15;17;55;36;115;66
2019-11-22 12:30;15;27;50;100;69
2019-11-22 12:45;10;44;36;120;57
2019-11-22 13:00;17;35;53;103;48
2019-11-22 13:15;9;30;47;91;52
2019-11-22 13:30;11;40;65;132;50
2019-11-22 13:45;14;41;52;102;59
2019-11-22 14:00;19;33;49;106;47
2019-11-22 14:15;16;32;43;132;73
2019-11-22 14:30;15;42;48;118;64
2019-11-22 14:45;20;39;72;143;77
2019-11-22 15:00;14;41;48;136;74
2019-11-22 15:15;11;40;55;144;99
2019-11-22 15:30;21;47;66;142;67
2019-11-22 15:45;13;46;69;143;91
2019-11-22 16:00;16;39;47;154;84
2019-11-22 16:15;20;41;52;123;78
2019-11-22 16:30;19;33;40;173;77
2019-11-22 16:45;20;38;51;138;87
2019-11-22 17:00;20;39;48;162;93
2019-11-22 17:15;26;27;31;160;120
2019-11-22 17:30;33;36;54;139;80
2019-11-22 17:45;30;34;33;165;89
2019-11-22 18:00;25;49;40;140;76
2019-11-22 18:15;24;29;23;155;76
2019-11-22 18:30;19;27;26;134;105
2019-11-22 18:45;14;22;31;124;63
2019-11-22 19:00;12;29;29;92;55
2019-11-22 19:15;16;29;25;94;50
2019-11-22 19:30;14;24;19;109;59
2019-11-22 19:45;4;19;14;84;38
2019-11-22 20:00;8;16;11;71;32
2019-11-22 20:15;10;22;19;57;24
2019-11-22 20:30;12;18;10;62;27
2019-11-22 20:45;11;19;11;60;26
2019-11-22 21:00;9;19;18;56;22
2019-11-22 21:15;9;18;7;62;20
2019-11-22 21:30;7;8;8;54;24
2019-11-22 21:45;6;9;13;57;21
2019-11-22 22:00;10;22;12;67;36
2019-11-22 22:15;8;18;12;47;29
2019-11-22 22:30;13;21;7;78;20
2019-11-22 22:45;13;13;6;60;23
2019-11-22 23:00;5;21;14;42;22
2019-11-22 23:15;10;13;11;41;16
2019-11-22 23:30;10;15;6;52;11
2019-11-22 23:45;7;17;10;57;18
2019-11-23 00:00;3;9;6;37;12
2019-11-23 00:15;4;5;6;23;12
2019-11-23 00:30;7;12;8;30;14
2019-11-23 00:45;1;9;3;21;13
2019-11-23 01:00;2;11;7;19;14
2019-11-23 01:15;3;6;3;16;4
2019-11-23 01:30;3;5;5;20;5
2019-11-23 01:45;4;6;6;15;7
2019-11-23 02:00;1;8;3;13;5
2019-11-23 02:15;0;4;0;12;4
2019-11-23 02:30;1;3;3;5;2
2019-11-23 02:45;3;8;2;10;5
2019-11-23 03:00;1;5;2;11;1
2019-11-23 03:15;0;4;2;8;1
2019-11-23 03:30;0;1;0;6;3
2019-11-23 03:45;1;3;2;3;1
2019-11-23 04:00;0;2;3;6;3
2019-11-23 04:15;1;1;1;4;1
2019-11-23 04:30;0;3;2;6;3
2019-11-23 04:45;0;2;0;9;2
2019-11-23 05:00;0;4;3;5;1
2019-11-23 05:15;0;2;3;2;4
2019-11-23 05:30;0;5;2;3;3
2019-11-23 05:45;0;4;6;3;2
2019-11-23 06:00;0;6;1;13;4
2019-11-23 06:15;0;4;5;11;5
2019-11-23 06:30;0;5;3;7;5
2019-11-23 06:45;1;3;10;18;5
2019-11-23 07:00;1;9;15;26;5
2019-11-23 07:15;3;3;11;16;5
2019-11-23 07:30;0;8;13;15;6
2019-11-23 07:45;2;13;27;27;16
2019-11-23 08:00;1;11;24;24;19
2019-11-23 08:15;0;13;25;33;13
2019-11-23 08:30;0;26;23;32;20
2019-11-23 08:45;0;25;36;49;23
2019-11-23 09:00;3;24;40;46;14
2019-11-23 09:15;6;29;38;53;38
2019-11-23 09:30;5;28;36;56;29
2019-11-23 09:45;7;40;37;67;43
2019-11-23 10:00;6;29;45;70;29
2019-11-23 10:15;12;30;37;95;54
2019-11-23 10:30;7;32;39;84;27
2019-11-23 10:45;8;38;27;76;40
2019-11-23 11:00;8;40;39;85;34
2019-11-23 11:15;14;35;46;102;42
2019-11-23 11:30;15;34;42;96;52
2019-11-23 11:45;16;48;34;103;46
2019-11-23 12:00;5;37;49;113;53
2019-11-23 12:15;12;43;44;109;46
2019-11-23 12:30;7;41;49;116;58
2019-11-23 12:45;10;32;48;98;43
2019-11-23 13:00;12;32;46;111;41
2019-11-23 13:15;14;43;51;102;52
2019-11-23 13:30;8;37;49;102;57
2019-11-23 13:45;13;40;39;110;45
2019-11-23 14:00;14;29;56;120;47
2019-11-23 14:15;16;32;56;105;47
2019-11-23 14:30;15;30;43;128;59
2019-11-23 14:45;6;31;47;134;61
2019-11-23 15:00;12;28;43;115;55
2019-11-23 15:15;12;36;51;117;54
2019-11-23 15:30;15;31;40;133;45
2019-11-23 15:45;13;34;42;121;50
2019-11-23 16:00;13;32;28;137;61
2019-11-23 16:15;11;26;33;110;56
2019-11-23 16:30;7;34;46;122;70
2019-11-23 16:45;10;36;44;110;55
2019-11-23 17:00;11;34;39;124;62
2019-11-23 17:15;15;38;32;115;57
2019-11-23 17:30;11;29;39;107;54
2019-11-23 17:45;14;27;38;114;50
2019-11-23 18:00;7;21;27;116;49
2019-11-23 18:15;17;21;28;87;46
2019-11-23 18:30;14;20;19;94;36
2019-11-23 18:45;11;29;20;82;43
2019-11-23 19:00;8;32;26;79;28
2019-11-23 19:15;8;21;24;69;38
2019-11-23 19:30;7;23;14;69;30
2019-11-23 19:45;12;19;12;53;22
2019-11-23 20:00;6;18;9;54;40
2019-11-23 20:15;9;21;12;82;25
2019-11-23 20:30;5;15;9;69;20
2019-11-23 20:45;6;18;19;53;25
2019-11-23 21:00;5;19;15;48;25
2019-11-23 21:15;5;18;8;42;17
2019-11-23 21:30;5;20;15;35;14
2019-11-23 21:45;3;15;9;63;17
2019-11-23 22:00;9;17;14;54;10
2019-11-23 22:15;6;31;17;45;25
2019-11-23 22:30;3;11;11;64;22
2019-11-23 22:45;6;31;15;57;12
2019-11-23 23:00;5;14;9;62;18
2019-11-23 23:15;9;9;12;64;24
2019-11-23 23:30;5;13;15;53;16
2019-11-23 23:45;1;9;6;38;21
2019-11-24 00:00;5;14;10;47;14
2019-11-24 00:15;7;18;11;38;13
2019-11-24 00:30;1;8;6;26;8
2019-11-24 00:45;4;9;5;40;13
2019-11-24 01:00;3;7;3;29;15
2019-11-24 01:15;3;10;7;35;7
2019-11-24 01:30;4;6;6;28;6
2019-11-24 01:45;3;5;5;14;4
2019-11-24 02:00;2;4;1;12;8
2019-11-24 02:15;3;3;3;22;6
2019-11-24 02:30;0;7;5;21;9
2019-11-24 02:45;1;4;2;12;4
2019-11-24 03:00;0;2;4;9;6
2019-11-24 03:15;2;2;1;11;2
2019-11-24 03:30;0;3;3;10;2
2019-11-24 03:45;0;3;4;13;3
2019-11-24 04:00;1;3;1;7;3
2019-11-24 04:15;0;3;1;6;1
2019-11-24 04:30;1;3;1;5;1
2019-11-24 04:45;0;1;1;7;2
2019-11-24 05:00;1;1;1;6;2
2019-11-24 05:15;0;1;1;6;1
2019-11-24 05:30;0;2;4;8;0
2019-11-24 05:45;0;0;1;5;1
2019-11-24 06:00;1;5;0;6;2
2019-11-24 06:15;0;2;3;10;2
2019-11-24 06:30;2;4;4;9;4
2019-11-24 06:45;2;0;3;21;4
2019-11-24 07:00;0;1;4;14;2
2019-11-24 07:15;1;3;6;9;3
2019-11-24 07:30;0;2;4;8;4
2019-11-24 07:45;0;4;7;10;5
2019-11-24 08:00;0;8;10;10;3
2019-11-24 08:15;2;7;10;10;6
2019-11-24 08:30;1;12;17;15;7
2019-11-24 08:45;0;16;14;22;9
2019-11-24 09:00;0;13;21;22;10
2019-11-24 09:15;3;11;17;25;14
2019-11-24 09:30;6;24;18;30;9
2019-11-24 09:45;9;26;15;49;25
2019-11-24 10:00;8;23;22;43;21
2019-11-24 10:15;6;23;24;43;14
2019-11-24 10:30;5;27;29;57;34
2019-11-24 10:45;9;40;24;59;27
2019-11-24 11:00;10;20;26;72;21
2019-11-24 11:15;6;45;43;71;29
2019-11-24 11:30;8;18;24;73;31
2019-11-24 11:45;9;38;36;53;32
2019-11-24 12:00;14;33;34;83;50
2019-11-24 12:15;15;43;30;92;46
2019-11-24 12:30;8;38;35;93;34
2019-11-24 12:45;8;34;39;97;53
2019-11-24 13:00;14;33;24;99;43
2019-11-24 13:15;11;46;40;119;44
2019-11-24 13:30;3;35;42;84;43
2019-11-24 13:45;13;28;34;86;34
2019-11-24 14:00;8;38;41;105;45
2019-11-24 14:15;9;29;31;88;41
2019-11-24 14:30;11;28;36;112;44
2019-11-24 14:45;15;39;32;89;43
2019-11-24 15:00;11;29;30;93;45
2019-11-24 15:15;12;33;35;106;54
2019-11-24 15:30;13;24;34;79;53
2019-11-24 15:45;5;28;44;111;71
2019-11-24 16:00;10;31;23;127;59
2019-11-24 16:15;14;31;29;110;48
2019-11-24 16:30;10;36;32;121;56
2019-11-24 16:45;12;32;32;121;57
2019-11-24 17:00;14;32;24;107;37
2019-11-24 17:15;12;28;25;104;46
2019-11-24 17:30;9;22;27;108;50
2019-11-24 17:45;10;21;28;110;40
2019-11-24 18:00;12;28;21;100;41
2019-11-24 18:15;9;24;25;96;42
2019-11-24 18:30;5;25;22;83;43
2019-11-24 18:45;8;20;8;86;34
2019-11-24 19:00;8;17;16;78;25
2019-11-24 19:15;3;15;19;57;13
2019-11-24 19:30;2;23;15;61;34
2019-11-24 19:45;6;15;6;64;17
2019-11-24 20:00;4;19;15;69;29
2019-11-24 20:15;5;14;13;62;22
2019-11-24 20:30;6;17;12;63;27
2019-11-24 20:45;4;21;20;64;21
2019-11-24 21:00;3;11;15;56;30
2019-11-24 21:15;2;14;12;40;17
2019-11-24 21:30;3;13;10;19;14
2019-11-24 21:45;1;12;9;21;12
2019-11-24 22:00;6;14;4;14;9
2019-11-24 22:15;0;8;7;20;6
2019-11-24 22:30;1;6;7;7;5
2019-11-24 22:45;3;7;9;10;5
2019-11-24 23:00;2;2;1;18;3
2019-11-24 23:15;1;4;4;15;9
2019-11-24 23:30;1;1;1;12;3
2019-11-24 23:45;2;6;5;6;6
2019-11-25 00:00;1;1;0;3;3
2019-11-25 00:15;2;3;5;10;4
2019-11-25 00:30;0;1;1;5;1
2019-11-25 00:45;1;4;2;9;2
2019-11-25 01:00;0;1;1;5;3
2019-11-25 01:15;0;0;2;7;4
2019-11-25 01:30;2;1;1;1;0
2019-11-25 01:45;0;3;0;3;2
2019-11-25 02:00;0;0;0;5;0
2019-11-25 02:15;0;1;0;5;1
2019-11-25 02:30;0;0;0;2;1
2019-11-25 02:45;0;1;0;3;0
2019-11-25 03:00;0;0;1;0;0
2019-11-25 03:15;0;1;1;0;0
2019-11-25 03:30;1;0;0;0;0
2019-11-25 03:45;0;2;2;2;0
2019-11-25 04:00;0;0;1;0;1
2019-11-25 04:15;0;2;0;1;1
2019-11-25 04:30;0;1;1;1;1
2019-11-25 04:45;1;1;4;2;1
2019-11-25 05:00;0;6;3;5;0
2019-11-25 05:15;0;5;6;3;0
2019-11-25 05:30;1;11;11;5;3
2019-11-25 05:45;2;9;19;9;2
2019-11-25 06:00;1;16;13;15;4
2019-11-25 06:15;2;18;27;21;4
2019-11-25 06:30;2;27;38;28;9
2019-11-25 06:45;2;27;38;50;10
2019-11-25 07:00;3;30;54;43;11
2019-11-25 07:15;5;26;68;42;27
2019-11-25 07:30;8;35;73;62;25
2019-11-25 07:45;22;44;105;77;36
2019-11-25 08:00;17;44;137;75;36
2019-11-25 08:15;21;43;95;71;43
2019-11-25 08:30;21;44;120;93;62
2019-11-25 08:45;12;45;114;76;71
2019-11-25 09:00;13;45;99;66;50
2019-11-25 09:15;12;30;61;75;41
2019-11-25 09:30;8;48;61;80;43
2019-11-25 09:45;7;32;38;91;45
2019-11-25 10:00;5;40;47;78;39
2019-11-25 10:15;5;29;27;88;49
2019-11-25 10:30;10;32;35;65;47
2019-11-25 10:45;11;45;50;89;39
2019-11-25 11:00;14;36;31;83;45
2019-11-25 11:15;10;25;35;80;36
2019-11-25 11:30;9;28;44;79;37
2019-11-25 11:45;10;41;33;86;48
2019-11-25 12:00;12;42;44;91;56
2019-11-25 12:15;13;22;39;95;48
2019-11-25 12:30;13;27;40;94;52
2019-11-25 12:45;8;41;24;92;53
2019-11-25 13:00;17;34;40;82;51
2019-11-25 13:15;7;32;33;103;59
2019-11-25 13:30;8;28;37;74;53
2019-11-25 13:45;12;27;40;124;67
2019-11-25 14:00;9;40;44;90;41
2019-11-25 14:15;16;27;27;120;48
2019-11-25 14:30;16;28;42;142;42
2019-11-25 14:45;18;38;56;110;42
2019-11-25 15:00;18;37;38;135;62
2019-11-25 15:15;16;34;49;104;74
2019-11-25 15:30;17;31;42;125;70
2019-11-25 15:45;21;29;51;151;67
2019-11-25 16:00;15;31;46;156;77
2019-11-25 16:15;20;32;37;156;54
2019-11-25 16:30;27;30;39;154;94
2019-11-25 16:45;30;22;35;136;84
2019-11-25 17:00;23;25;39;193;117
2019-11-25 17:15;31;29;47;182;91
2019-11-25 17:30;36;32;37;182;97
2019-11-25 17:45;31;35;34;193;103
2019-11-25 18:00;30;29;30;180;87
2019-11-25 18:15;31;32;32;165;76
2019-11-25 18:30;25;20;24;106;71
2019-11-25 18:45;19;33;25;115;58
2019-11-25 19:00;21;22;25;83;62
2019-11-25 19:15;9;21;28;89;56
2019-11-25 19:30;14;27;17;85;47
2019-11-25 19:45;11;12;23;98;34
2019-11-25 20:00;15;19;13;71;35
2019-11-25 20:15;6;21;15;61;20
2019-11-25 20:30;9;17;18;56;27
2019-11-25 20:45;6;6;10;57;16
2019-11-25 21:00;5;9;8;49;21
2019-11-25 21:15;12;8;12;47;20
2019-11-25 21:30;9;20;13;56;24
2019-11-25 21:45;7;18;15;44;23
2019-11-25 22:00;9;12;10;49;18
2019-11-25 22:15;13;16;11;45;18
2019-11-25 22:30;5;3;5;48;12
2019-11-25 22:45;5;7;4;58;25
2019-11-25 23:00;2;11;9;29;10
2019-11-25 23:15;5;7;5;25;10
2019-11-25 23:30;4;5;3;19;4
2019-11-25 23:45;1;2;2;13;10
2019-11-26 00:00;3;4;1;12;3
2019-11-26 00:15;1;3;2;10;3
2019-11-26 00:30;1;2;3;6;2
2019-11-26 00:45;1;3;1;10;2
2019-11-26 01:00;1;1;2;5;3
2019-11-26 01:15;0;4;3;9;4
2019-11-26 01:30;1;3;2;3;1
2019-11-26 01:45;0;1;0;3;2
2019-11-26 02:00;0;0;1;6;1
2019-11-26 02:15;0;1;0;3;1
2019-11-26 02:30;1;2;0;5;3
2019-11-26 02:45;0;1;1;3;1
2019-11-26 03:00;0;0;1;1;0
2019-11-26 03:15;0;0;0;2;0
2019-11-26 03:30;1;1;2;2;0
2019-11-26 03:45;0;0;0;2;0
2019-11-26 04:00;0;1;1;4;1
2019-11-26 04:15;0;1;2;3;0
2019-11-26 04:30;0;0;0;4;0
2019-11-26 04:45;0;3;7;3;1
2019-11-26 05:00;0;1;2;5;1
2019-11-26 05:15;1;5;7;7;3
2019-11-26 05:30;0;6;9;5;2
2019-11-26 05:45;2;11;18;12;4
2019-11-26 06:00;0;14;17;20;3
2019-11-26 06:15;1;14;26;17;4
2019-11-26 06:30;1;19;37;31;6
2019-11-26 06:45;1;28;29;44;11
2019-11-26 07:00;2;26;52;41;15
2019-11-26 07:15;3;35;60;55;23
2019-11-26 07:30;7;47;77;67;37
2019-11-26 07:45;16;36;135;69;31
2019-11-26 08:00;18;32;125;71;44
2019-11-26 08:15;25;61;108;76;40
2019-11-26 08:30;16;57;115;80;53
2019-11-26 08:45;9;55;116;82;60
2019-11-26 09:00;11;46;103;77;48
2019-11-26 09:15;9;39;70;74;51
2019-11-26 09:30;7;27;73;89;49
2019-11-26 09:45;10;44;49;77;44
2019-11-26 10:00;7;33;42;91;51
2019-11-26 10:15;11;37;30;93;46
2019-11-26 10:30;5;39;33;88;51
2019-11-26 10:45;6;37;45;94;43
2019-11-26 11:00;12;32;39;82;42
2019-11-26 11:15;17;37;48;79;38
2019-11-26 11:30;23;38;37;75;51
2019-11-26 11:45;15;22;41;116;45
2019-11-26 12:00;14;30;45;89;53
2019-11-26 12:15;9;38;38;89;44
2019-11-26 12:30;13;36;45;78;43
2019-11-26 12:45;13;34;38;112;41
2019-11-26 13:00;14;34;22;97;62
2019-11-26 13:15;11;33;27;87;49
2019-11-26 13:30;12;27;24;118;53
2019-11-26 13:45;10;30;44;97;38
2019-11-26 14:00;12;36;36;86;50
2019-11-26 14:15;12;30;50;107;50
2019-11-26 14:30;14;37;50;115;55
2019-11-26 14:45;22;50;57;119;59
2019-11-26 15:00;18;37;53;113;68
2019-11-26 15:15;16;31;50;131;74
2019-11-26 15:30;19;26;48;127;70
2019-11-26 15:45;22;30;48;146;73
2019-11-26 16:00;22;33;41;170;80
2019-11-26 16:15;14;42;54;139;89
2019-11-26 16:30;26;35;39;164;82
2019-11-26 16:45;31;40;42;165;79
2019-11-26 17:00;23;27;41;192;98
2019-11-26 17:15;28;31;31;190;116
2019-11-26 17:30;39;26;46;166;121
2019-11-26 17:45;33;25;24;170;91
2019-11-26 18:00;38;30;30;169;86
2019-11-26 18:15;23;22;23;161;108
2019-11-26 18:30;34;33;21;147;86
2019-11-26 18:45;19;36;24;120;74
2019-11-26 19:00;20;20;30;116;64
2019-11-26 19:15;10;26;27;128;67
2019-11-26 19:30;14;25;26;94;43
2019-11-26 19:45;8;24;19;83;44
2019-11-26 20:00;14;18;15;86;36
2019-11-26 20:15;7;15;14;89;28
2019-11-26 20:30;7;16;17;55;30
2019-11-26 20:45;8;16;12;47;16
2019-11-26 21:00;12;15;14;59;27
2019-11-26 21:15;10;11;16;49;22
2019-11-26 21:30;5;15;15;60;32
2019-11-26 21:45;6;12;12;61;27
2019-11-26 22:00;7;18;16;62;18
2019-11-26 22:15;7;13;9;51;33
2019-11-26 22:30;7;16;13;60;21
2019-11-26 22:45;6;5;8;48;13
2019-11-26 23:00;6;9;3;39;20
2019-11-26 23:15;3;5;6;31;10
2019-11-26 23:30;7;9;6;22;14
2019-11-26 23:45;3;5;5;22;11
2019-11-27 00:00;1;7;8;20;8
2019-11-27 00:15;1;1;4;9;3
2019-11-27 00:30;2;3;3;10;2
2019-11-27 00:45;2;4;3;11;7
2019-11-27 01:00;3;0;1;7;6
2019-11-27 01:15;1;1;2;4;3
2019-11-27 01:30;0;3;2;4;2
2019-11-27 01:45;0;2;2;3;5
2019-11-27 02:00;1;0;0;2;3
2019-11-27 02:15;0;1;0;7;1
2019-11-27 02:30;0;0;0;2;0
2019-11-27 02:45;0;0;0;2;1
2019-11-27 03:00;0;1;1;1;0
2019-11-27 03:15;0;2;2;4;2
2019-11-27 03:30;1;1;0;2;0
2019-11-27 03:45;0;1;1;1;0
2019-11-27 04:00;0;1;1;0;0
2019-11-27 04:15;0;0;0;2;0
2019-11-27 04:30;0;0;1;2;0
2019-11-27 04:45;0;4;3;2;1
2019-11-27 05:00;0;3;0;3;0
2019-11-27 05:15;0;3;4;3;3
2019-11-27 05:30;1;10;10;4;0
2019-11-27 05:45;2;9;9;14;6
2019-11-27 06:00;0;15;16;15;3
2019-11-27 06:15;0;14;23;18;6
2019-11-27 06:30;1;29;40;38;12
2019-11-27 06:45;4;19;46;41;11
2019-11-27 07:00;4;31;54;36;18
2019-11-27 07:15;3;35;75;63;22
2019-11-27 07:30;4;51;75;61;23
2019-11-27 07:45;16;59;119;70;41
2019-11-27 08:00;23;50;147;73;44
2019-11-27 08:15;23;55;130;72;53
2019-11-27 08:30;15;57;114;100;62
2019-11-27 08:45;13;58;129;87;55
2019-11-27 09:00;15;48;97;74;35
2019-11-27 09:15;13;49;79;88;62
2019-11-27 09:30;6;49;64;75;44
2019-11-27 09:45;12;42;63;92;54
2019-11-27 10:00;12;40;35;93;55
2019-11-27 10:15;15;39;37;90;57
2019-11-27 10:30;13;48;50;95;41
2019-11-27 10:45;9;41;40;105;53
2019-11-27 11:00;12;30;56;111;45
2019-11-27 11:15;11;39;44;98;35
2019-11-27 11:30;10;38;35;98;51
2019-11-27 11:45;14;46;49;105;54
2019-11-27 12:00;;;;;
2019-11-27 12:15;;;;;
2019-11-27 12:30;21;38;52;119;55
2019-11-27 12:45;18;38;38;125;73
2019-11-27 13:00;10;43;60;97;52
2019-11-27 13:15;13;43;48;78;49
2019-11-27 13:30;13;35;51;107;64
2019-11-27 13:45;8;46;54;111;61
2019-11-27 14:00;12;41;44;107;54
2019-11-27 14:15;12;40;33;115;66
2019-11-27 14:30;14;46;60;110;67
2019-11-27 14:45;11;44;54;135;55
2019-11-27 15:00;19;30;48;148;68
2019-11-27 15:15;16;31;54;128;72
2019-11-27 15:30;8;26;54;126;68
2019-11-27 15:45;14;27;57;144;76
2019-11-27 16:00;9;38;50;169;90
2019-11-27 16:15;10;38;46;142;90
2019-11-27 16:30;16;30;31;167;100
2019-11-27 16:45;19;30;44;160;105
2019-11-27 17:00;14;29;43;180;85
2019-11-27 17:15;23;25;39;194;106
2019-11-27 17:30;19;36;46;173;122
2019-11-27 17:45;23;33;45;185;102
2019-11-27 18:00;21;33;37;185;99
2019-11-27 18:15;;;;;
2019-11-27 18:30;15;25;19;155;71
2019-11-27 18:45;14;26;26;125;73
2019-11-27 19:00;9;31;30;105;75
2019-11-27 19:15;13;25;27;105;48
2019-11-27 19:30;11;23;22;108;37
2019-11-27 19:45;12;26;22;102;42
2019-11-27 20:00;7;25;22;79;33
2019-11-27 20:15;10;27;17;72;33
2019-11-27 20:30;7;16;15;69;27
2019-11-27 20:45;8;13;12;73;24
2019-11-27 21:00;5;12;12;65;32
2019-11-27 21:15;9;13;9;55;24
2019-11-27 21:30;9;17;15;61;16
2019-11-27 21:45;8;12;12;68;23
2019-11-27 22:00;8;14;13;58;21
2019-11-27 22:15;9;14;7;47;23
2019-11-27 22:30;5;14;12;68;23
2019-11-27 22:45;8;5;8;58;20
2019-11-27 23:00;2;11;15;51;18
2019-11-27 23:15;3;14;8;34;18
2019-11-27 23:30;3;7;6;42;18
2019-11-27 23:45;1;7;2;29;17
2019-11-28 00:00;2;3;3;22;9
2019-11-28 00:15;1;5;4;9;5
2019-11-28 00:30;0;3;1;15;5
2019-11-28 00:45;1;1;1;10;2
2019-11-28 01:00;3;1;1;9;5
2019-11-28 01:15;3;6;5;7;2
2019-11-28 01:30;0;3;0;7;4
2019-11-28 01:45;0;0;0;3;1
2019-11-28 02:00;0;0;1;3;2
2019-11-28 02:15;0;2;0;4;3
2019-11-28 02:30;0;1;0;3;1
2019-11-28 02:45;1;1;0;2;1
2019-11-28 03:00;0;2;2;1;1
2019-11-28 03:15;0;0;0;1;0
2019-11-28 03:30;0;3;1;2;0
2019-11-28 03:45;0;0;0;3;1
2019-11-28 04:00;0;2;0;1;1
2019-11-28 04:15;0;0;1;3;1
2019-11-28 04:30;0;1;2;4;3
2019-11-28 04:45;0;2;4;5;1
2019-11-28 05:00;0;4;5;5;3
2019-11-28 05:15;0;2;4;3;2
2019-11-28 05:30;0;12;8;3;0
2019-11-28 05:45;1;11;14;12;2
2019-11-28 06:00;1;16;15;10;3
2019-11-28 06:15;0;12;27;20;4
2019-11-28 06:30;1;20;36;18;11
2019-11-28 06:45;2;23;45;39;14
2019-11-28 07:00;1;39;72;29;8
2019-11-28 07:15;4;39;76;65;25
2019-11-28 07:30;6;35;85;60;28
2019-11-28 07:45;17;60;134;70;32
2019-11-28 08:00;20;68;156;69;50
2019-11-28 08:15;22;55;124;89;48
2019-11-28 08:30;11;50;124;98;59
2019-11-28 08:45;10;58;128;82;75
2019-11-28 09:00;14;54;108;76;53
2019-11-28 09:15;8;58;106;65;70
2019-11-28 09:30;13;45;74;79;54
2019-11-28 09:45;10;45;77;100;68
2019-11-28 10:00;5;33;45;86;39
2019-11-28 10:15;5;45;51;88;43
2019-11-28 10:30;9;40;39;99;54
2019-11-28 10:45;10;44;38;102;52
2019-11-28 11:00;11;32;50;86;43
2019-11-28 11:15;9;34;49;88;55
2019-11-28 11:30;6;39;40;99;51
2019-11-28 11:45;10;31;45;104;46
2019-11-28 12:00;10;36;34;99;43
2019-11-28 12:15;12;38;48;83;50
2019-11-28 12:30;11;38;47;97;48
2019-11-28 12:45;7;43;50;105;62
2019-11-28 13:00;4;31;44;118;59
2019-11-28 13:15;5;26;40;114;62
2019-11-28 13:30;11;31;33;96;53
2019-11-28 13:45;11;34;38;86;44
2019-11-28 14:00;5;38;36;97;52
2019-11-28 14:15;18;33;39;122;56
2019-11-28 14:30;19;32;43;140;53
2019-11-28 14:45;17;50;59;130;64
2019-11-28 15:00;17;39;37;145;68
2019-11-28 15:15;11;35;50;141;78
2019-11-28 15:30;8;29;43;148;73
2019-11-28 15:45;13;41;57;140;84
2019-11-28 16:00;14;44;40;164;78
2019-11-28 16:15;15;38;36;177;61
2019-11-28 16:30;19;28;31;181;97
2019-11-28 16:45;17;32;36;170;98
2019-11-28 17:00;24;44;52;181;86
2019-11-28 17:15;20;25;63;185;108
2019-11-28 17:30;25;30;52;188;104
2019-11-28 17:45;27;34;33;148;103
2019-11-28 18:00;29;27;37;170;91
2019-11-28 18:15;28;34;25;154;94
2019-11-28 18:30;28;32;21;132;80
2019-11-28 18:45;15;24;29;132;72
2019-11-28 19:00;13;32;24;120;67
2019-11-28 19:15;18;31;25;111;52
2019-11-28 19:30;17;26;26;116;60
2019-11-28 19:45;16;25;22;112;42
2019-11-28 20:00;10;19;13;95;36
2019-11-28 20:15;9;12;15;87;35
2019-11-28 20:30;8;23;16;57;26
2019-11-28 20:45;14;19;20;66;25
2019-11-28 21:00;10;15;11;73;43
2019-11-28 21:15;6;14;10;77;31
2019-11-28 21:30;12;28;23;64;21
2019-11-28 21:45;18;16;16;58;23
2019-11-28 22:00;4;14;10;60;30
2019-11-28 22:15;7;21;18;56;24
2019-11-28 22:30;10;18;15;56;28
2019-11-28 22:45;10;14;12;61;23
2019-11-28 23:00;5;9;4;40;14
2019-11-28 23:15;6;11;5;44;22
2019-11-28 23:30;2;5;3;49;12
2019-11-28 23:45;2;8;5;29;14
2019-11-29 00:00;3;4;6;23;7
2019-11-29 00:15;3;4;5;24;11
2019-11-29 00:30;2;4;4;18;1
2019-11-29 00:45;3;5;3;17;7
2019-11-29 01:00;0;4;5;11;9
2019-11-29 01:15;0;4;4;11;2
2019-11-29 01:30;0;4;3;9;5
2019-11-29 01:45;0;1;0;7;1
2019-11-29 02:00;0;2;1;7;3
2019-11-29 02:15;0;3;4;5;1
2019-11-29 02:30;0;3;2;4;3
2019-11-29 02:45;0;0;0;4;4
2019-11-29 03:00;0;2;1;0;2
2019-11-29 03:15;1;0;0;3;0
2019-11-29 03:30;0;2;1;0;0
2019-11-29 03:45;0;2;1;3;1
2019-11-29 04:00;1;1;0;1;1
2019-11-29 04:15;0;3;2;2;0
2019-11-29 04:30;0;1;2;3;0
2019-11-29 04:45;0;3;1;0;0
2019-11-29 05:00;0;2;3;6;2
2019-11-29 05:15;0;2;3;6;3
2019-11-29 05:30;0;8;9;9;2
2019-11-29 05:45;2;7;10;10;3
2019-11-29 06:00;1;12;14;13;5
2019-11-29 06:15;0;16;19;14;7
2019-11-29 06:30;3;11;20;22;7
2019-11-29 06:45;2;12;37;34;10
2019-11-29 07:00;1;31;54;35;11
2019-11-29 07:15;3;24;52;52;20
2019-11-29 07:30;7;27;75;64;29
2019-11-29 07:45;19;42;120;71;33
2019-11-29 08:00;21;39;120;69;45
2019-11-29 08:15;17;48;104;67;39
2019-11-29 08:30;19;44;113;97;50
2019-11-29 08:45;20;52;97;81;65
2019-11-29 09:00;11;39;85;76;43
2019-11-29 09:15;12;28;61;79;46
2019-11-29 09:30;8;39;65;76;58
2019-11-29 09:45;15;37;48;93;53
2019-11-29 10:00;8;32;44;99;58
2019-11-29 10:15;9;31;36;98;47
2019-11-29 10:30;12;40;59;85;40
2019-11-29 10:45;12;35;52;101;47
2019-11-29 11:00;15;30;34;87;40
2019-11-29 11:15;7;31;47;105;60
2019-11-29 11:30;12;42;33;102;60
2019-11-29 11:45;14;37;47;89;51
2019-11-29 12:00;13;25;32;102;51
2019-11-29 12:15;17;40;30;124;58
2019-11-29 12:30;11;41;45;102;39
2019-11-29 12:45;13;39;42;106;58
2019-11-29 13:00;19;36;49;97;62
2019-11-29 13:15;14;36;52;98;66
2019-11-29 13:30;11;31;43;106;48
2019-11-29 13:45;18;34;46;115;55
2019-11-29 14:00;19;33;41;122;56
2019-11-29 14:15;12;37;42;134;66
2019-11-29 14:30;13;35;51;122;67
2019-11-29 14:45;21;39;54;126;66
2019-11-29 15:00;22;53;45;137;72
2019-11-29 15:15;24;41;43;125;80
2019-11-29 15:30;23;33;58;149;67
2019-11-29 15:45;15;37;54;149;75
2019-11-29 16:00;21;34;35;155;83
2019-11-29 16:15;15;32;38;159;95
2019-11-29 16:30;17;37;42;146;58
2019-11-29 16:45;22;37;48;165;98
2019-11-29 17:00;21;24;52;180;88
2019-11-29 17:15;29;36;32;172;103
2019-11-29 17:30;29;28;62;147;111
2019-11-29 17:45;28;36;49;154;85
2019-11-29 18:00;25;49;39;148;82
2019-11-29 18:15;22;32;22;148;85
2019-11-29 18:30;13;36;25;143;70
2019-11-29 18:45;17;39;32;116;70
2019-11-29 19:00;19;31;25;108;64
2019-11-29 19:15;14;25;18;92;33
2019-11-29 19:30;9;34;25;106;54
2019-11-29 19:45;18;29;14;74;37
2019-11-29 20:00;5;13;8;59;32
2019-11-29 20:15;10;29;12;48;25
2019-11-29 20:30;11;13;13;62;27
2019-11-29 20:45;9;16;13;56;23
2019-11-29 21:00;11;10;17;63;27
2019-11-29 21:15;10;17;13;48;25
2019-11-29 21:30;5;15;11;60;22
2019-11-29 21:45;5;12;16;57;29
2019-11-29 22:00;6;15;17;57;20
2019-11-29 22:15;8;15;8;67;25
2019-11-29 22:30;10;12;12;63;26
2019-11-29 22:45;12;9;13;52;21
2019-11-29 23:00;8;27;17;48;30
2019-11-29 23:15;4;10;13;45;25
2019-11-29 23:30;2;10;6;47;22
2019-11-29 23:45;4;10;12;43;22
2019-11-30 00:00;2;8;3;50;17
2019-11-30 00:15;7;6;6;29;13
2019-11-30 00:30;6;4;3;26;14
2019-11-30 00:45;4;8;4;30;11
2019-11-30 01:00;9;11;6;25;11
2019-11-30 01:15;2;4;2;26;5
2019-11-30 01:30;7;4;4;14;7
2019-11-30 01:45;1;7;5;14;7
2019-11-30 02:00;0;1;1;12;8
2019-11-30 02:15;2;6;6;9;3
2019-11-30 02:30;1;5;5;10;3
2019-11-30 02:45;1;5;2;6;3
2019-11-30 03:00;1;3;2;12;5
2019-11-30 03:15;1;1;1;7;2
2019-11-30 03:30;0;2;5;10;3
2019-11-30 03:45;1;2;1;11;2
2019-11-30 04:00;0;5;2;11;6
2019-11-30 04:15;1;3;4;5;1
2019-11-30 04:30;0;3;2;5;0
2019-11-30 04:45;0;2;3;5;4
2019-11-30 05:00;2;1;1;17;4
2019-11-30 05:15;0;4;4;6;2
2019-11-30 05:30;1;2;4;1;2
2019-11-30 05:45;0;3;3;8;0
2019-11-30 06:00;0;1;2;7;3
2019-11-30 06:15;0;5;4;11;1
2019-11-30 06:30;1;6;5;9;9
2019-11-30 06:45;1;1;7;22;11
2019-11-30 07:00;0;8;13;19;5
2019-11-30 07:15;2;5;12;17;3
2019-11-30 07:30;0;16;14;14;4
2019-11-30 07:45;3;18;23;23;16
2019-11-30 08:00;1;14;31;34;11
2019-11-30 08:15;2;16;20;26;12
2019-11-30 08:30;3;19;31;35;21
2019-11-30 08:45;5;21;24;63;19
2019-11-30 09:00;6;27;37;49;18
2019-11-30 09:15;5;25;32;61;22
2019-11-30 09:30;3;25;56;58;34
2019-11-30 09:45;7;40;32;87;46
2019-11-30 10:00;9;40;40;88;43
2019-11-30 10:15;10;42;37;90;40
2019-11-30 10:30;6;34;40;99;36
2019-11-30 10:45;9;40;38;84;49
2019-11-30 11:00;11;29;47;82;35
2019-11-30 11:15;9;26;38;89;47
2019-11-30 11:30;9;36;33;96;44
2019-11-30 11:45;6;33;46;107;44
2019-11-30 12:00;9;30;54;117;53
2019-11-30 12:15;10;25;51;106;54
2019-11-30 12:30;15;36;38;100;57
2019-11-30 12:45;12;41;51;101;72
2019-11-30 13:00;11;28;47;99;55
2019-11-30 13:15;15;35;65;106;52
2019-11-30 13:30;15;32;60;109;60
2019-11-30 13:45;9;39;46;99;57
2019-11-30 14:00;11;33;45;113;45
2019-11-30 14:15;13;42;56;124;73
2019-11-30 14:30;9;24;60;114;55
2019-11-30 14:45;15;41;46;115;53
2019-11-30 15:00;9;35;63;117;56
2019-11-30 15:15;16;40;56;145;57
2019-11-30 15:30;11;35;33;98;47
2019-11-30 15:45;10;30;41;134;66
2019-11-30 16:00;7;32;55;123;74
2019-11-30 16:15;10;27;35;115;55
2019-11-30 16:30;18;27;40;113;44
2019-11-30 16:45;14;34;35;110;63
2019-11-30 17:00;11;34;34;117;61
2019-11-30 17:15;11;32;39;111;73
2019-11-30 17:30;13;18;26;102;42
2019-11-30 17:45;11;31;30;118;52
2019-11-30 18:00;13;28;28;90;52
2019-11-30 18:15;12;37;36;111;63
2019-11-30 18:30;9;22;25;99;50
2019-11-30 18:45;11;39;33;80;57
2019-11-30 19:00;7;23;22;66;23
2019-11-30 19:15;6;21;13;69;28
2019-11-30 19:30;8;22;16;78;25
2019-11-30 19:45;10;30;17;62;31
2019-11-30 20:00;5;17;17;63;23
2019-11-30 20:15;4;15;23;50;30
2019-11-30 20:30;3;20;18;70;19
2019-11-30 20:45;1;15;8;44;20
2019-11-30 21:00;10;16;15;54;21
2019-11-30 21:15;7;14;15;51;20
2019-11-30 21:30;4;18;16;53;25
2019-11-30 21:45;10;20;23;51;17
2019-11-30 22:00;5;19;11;57;15
2019-11-30 22:15;4;17;15;69;19
2019-11-30 22:30;5;15;9;45;17
2019-11-30 22:45;4;20;14;55;21
2019-11-30 23:00;2;13;12;65;22
2019-11-30 23:15;3;12;12;67;20
2019-11-30 23:30;9;10;10;42;9
2019-11-30 23:45;7;12;6;50;14
